# Resource object code (Python 3)
# Created by: object code
# Created by: The Resource Compiler for Qt version 6.11.1
# WARNING! All changes made in this file will be lost!

from PySide6 import QtCore

qt_resource_data = b"\
\x00\x00\x0b\xca\
\x89\
PNG\x0d\x0a\x1a\x0a\x00\x00\x00\x0dIHDR\x00\
\x00\x00\x80\x00\x00\x00\x80\x08\x06\x00\x00\x00\xc3>a\xcb\
\x00\x00\x0b\x7fIDATx\x01\xec][v\xd48\
\x10\x8d\x81\xff!\xff<\xd2;\x80\x1d\xc0\x0e\x98\x1d\xc0\
\x0a\x86\xac`2+\x98\xcc\x0a`V\xc0\xec\x80\xcc\x0a\
`V\xd0!\xf0\x1f\xfe\xe1\xe0\xb9\xd7\xb1\x9a\x8e\xa3G\
I\x96m9\xaa\x1c\xabe\xebQU\xaa\xba*\x95\xe5\
v\xfa\xce\x81\xfeU\xad\x01\x05@\xd5\xe6?8P\x00\
(\x00*\xd7@\xe5\xc3W\x0f\xa0\x00\xa8\x5c\x03\x95\x0f\
_=\x80\x02\xa0r\x0dT:|3l\xf5\x00F\x13\
\x95\xe6\x0a\x80J\x0do\x86\xad\x000\x9a\xa84W\x00\
Tjx3l\x05\x80\xd1D\xa5\xb9\x02\xa0R\xc3\x9b\
a+\x00\x8c&*\xcd\x15\x00\x95\x19~8\x5c\x05\xc0\
P#\x95]+\x00*3\xf8p\xb8\x0a\x80\xa1F*\
\xbbV\x00Tf\xf0\xe1p\x15\x00C\x8dTv\xad\x00\
\xa8\xcc\xe0\xc3\xe1*\x00\x86\x1a\xa9\xecZ\x01P\x89\xc1\
]\xc3T\x00\xb84SI\xb9\x02\xa0\x12C\xbb\x86\xa9\
\x00pi\xa6\x92r\x05@%\x86v\x0dS\x01\xe0\xd2\
L%\xe5\x0a\x80J\x0c\xed\x1a\xa6\x02\xc0\xa5\x99J\xca\
\x15\x00\xb7\xdc\xd0\xa1\xe1-\x06\x80\xedv{\xf4\xe9\xd3\
\xa7\x93\xcf\x9f?\x7f@j\x05\xe9=\xda\xfc\x86~\xf7\
C\x83\xd2z\xb9\x06f\x05\xc0\x97/_\xfe\x84\x11;\
c\xdf\xbbwo{\xe7\xce\x9d\xdf!\xea\x13$\xc9\xf1\
\x0c\x8dN\xd1\xef\xd2\xd0 =\x94\xe91B\x03\x93\x03\
\xe0\xe2\xe2\xe2\xa51X\xdb\xb6\xafG\xc8z\xa3+\xe9\
\x19\xda\xe0\xf3\xe2F\x03-\x08j`2\x00\xf4\xee\xbd\
m\x9a\xe6MP\x8a\x0c\x0d\xc0\xe7\x1d\xc1\x00 \xbc\xcc\
@\xae\x1a\x12\xd9\x01\x805\xfa\x88\x86\xe8\xdd\xfb\xec\x8a\
\x04\x10\xde\x90?\xe4\xd0XA\xa0\xfd\xac\x00\xc0\xec\xdb\
b\x8d\xde\x0a\xf8N\xde\x04r\x5c\xd2\x0bM\xceh\xe5\
\x0c\xb2\x00\x80\xb3\x8d\xb3\x0e\xb3\xef\xa8$}\xd0\x0b\x11\
\x94%\xc9T\x9a,\xa3\x01\x00\xe3?\xe1l+m`\
F\x1e\x82\x92\xe04\xd7\xb5\xe4\xd2q\x8e\x02\x00f\xd7\
K\x18\xff\x83\x94\xd9\xb0\x1d\xa2\xf8s\x18\xe8\xe5\xf7\xef\
\xdf7\x0f\x1f>l\x5c\x09\xf5\xcf\xd1\xf7\x1f\xa4\xe4C\
A`W]2\x00\xb8\xbe\xc2x)\x11\xfe\x19\x0cz\
Hc?z\xf4h\xf3\xe0\xc1\x83\xbf7\x9b\xcd\xb9]\
\xbc\xabR\xd4\x9f\xa1\xfd\xafH\x1dH\xc0\xf7\xf4\xaa&\
\xeeSApS_I\x00\xe0\xcc\xe7\xfaz\x93\x9c\xbb\
\xe4\xc7\x8f\x1f\x7f\xf4\x06|\x0e\x83~u\xb7\x0c\xd7\x00\
4\xc7\xa4\x05\x0f\xf2*\xdc\xfaz\x0b\x80\xe0\xf2zI\
\xddW\xd1\x00\xc0\x9a\x7f\x84\x19\x183\xf39{\x9b\xc7\
\x8f\x1f\x9f\xe4V5<\xc8[\x02\x01\xf2\xbc\x8d\xa0}\
_w\x10\x7fj+\x1a\x00X\xf3\xc5\xb7yp\xf5O\
a \xae\xdf?9Np\x06\x8f\xf0\x0a\xbc6R\xd2\
\xf0\x1c\xaf\x01d\xdd'\x80\xc2\xa2\x00\x00\xf7\xd9\xa2\x8f\
\xe8\x80\xe1\x1b\xb8\xfa\x8f\xa2\xc6\x19\x1a\x81\xd79y\x82\
\x94hy\x01\x90u)\x80\xb2\xc4\x00\x80\xdb\x94\xba\xfd\
\xaf\xbd!@~\xfe\x03\xbc\x0f1\xc3\xbdA\xa5\x91\x8a\
\x81\xac9\xaf5\x17\x03\x00J\x15\xed\xb1\xd3\x00K+\
\x13\xb1\xc1\x06\xf2\x06A\x10\x1b\xc8.=.\x09\xff\xd8\
6\x22\x00\xc0\xf5\x8b\xdc%\x8c\xdf\xc4\x0a0U{\x82\
@B\x1bc{/iw[\xdb\x04\x01\x80`\x89\xdb\
\xbb\xc1\x80\xa9$\xe3\x1bc\x09e\xe2\xf7\x0cL\x97\xea\
\xf2 \x00\x10,\x05\xa3~\xb8\xdb\xe8\xfb\xf1\x195\x1d\
\xbc\x0b\x81\x17\xe8\xbe\xa4\xb2\xd6\x1c\x9348A]\xfa\
\xf6\x02\x00\x849\xfb]}M\xf9W\xb8\xdb\x98\xfbp\
\xd3o\x96\x1c^\xe0\x0c\x00\x0d\xc6\x03\xb3\x083\x11\x13\
L\xd2K\xd8*\x09\x04^\x00\x80p0\xf2\x87\x82\x0f\
'\x1aW6\xb2\x00\xa8x\x8f \x1b\xd3\x99\x09\xc1V\
I \xf0\x02\x00c\xf0\xae\x8fm\xdb\xaeif\x9da\
<\xb7\xfaH\x01\x81\x13\x00p)A\xf7\xbf\xa6\x99\x05\
O\x15\x8c\x05n\x03:bA\xe0\x04\x00\x08\xfd9\x97\
B\x00\xb6\xfb\x08\xc0\xba\xef\xf4!\x1f\x06d\xbf\xcd%\
\xc7\x9a\xf9\xec\xcb\x0e\xdb]R\xa7\xfbe\xaes'\x00\
\xd0\xc1\xfb-\xdb\xb6m\xb3D\xfe0\xf8{\x0a\xec\xe1\
w\x8a6-v\xedr|\xa38\x07\x0d\x88Z\xfeA\
\x9dJ@\xe0\x03\x80w\x94p\xff\xa3#\x7f\x1a\x16L\
\xbcq\x06\xea\xbb\x03\xbbv|\xa7\xe0]w\x91\xf8\x81\
e\xe0\xaf\xc4\xae\xab\xec&\x01A2\x00\xc6j\x04\xc6\
\x17\xed.\x0e\xf8\xbc\x80'\x18\xf5X\x19 \xe8\xbeT\
\xb2\xe6\x1cO>\xc5w^!\x10X\x01\x00\xd7\x11\x9a\
\x95\xa2'n\x03\xe3\xed.{#\xa6\xdd\xb7^\xbdM\
\xb4\xa3U\xe3\x09\x9e|~\xcd\x05\x02+\x00\xe0nC\
\x00\x18uK\x05\xfa|%,\xd9v\x89\xde#\x99_\
\x89\x1ds\x81\xc0\x0a\x80\xbbw\xef>\x0e\x0c:\x19\x00\
\x02\xef\x12`\xddU'y\x8f\xae\xe7-\xfa\xc8\x01\x02\
+\x00\x10\xe1{\xf7\x00\xe0~\xfeK\xd5#\xd6$\xbd\
\xadKU\x9e\xa5\xdfX\x10X\x01`\xe1\x93\xad\x08\xe0\
\x92\xbe\x0d\xec\xe5\x09O\x92\x85\x8e\x97\xc9\x0a*)\xe2\
\x18\x10\xcc\x0e\x00\x0a\x9c)\xe92\xb0\xa7\xc8T\x10\xb8\
\x00\xe0\x8d\xf2\x11#$+\xbfi\x9a,\xdf\x13\xc4\x80\
\x93\xe3\x90=\xbd\xdd\xaaS\xe8\xc4k\xb7\xe1`a\xc7\
\x0fV\x00\xc0H^B\x88\xe2\x7f\x19\x12\x8b\xb8\xaej\
3&B/\xa3\x9abI\xe4vz+%\x82\xa5\xf8\
\x1c\x9by\x1b+\x00P\x19\x9a\xa5\xa1\xdbD\xa7\x1c\xd8\
\x80\x19=s!\xdf\x9a\x9eB\xde\xd0\x05\x8duqq\
\xe1\xddj\xbf\xd1\xc9S\x00zG\x08\xaec6\xd6\xce\
h|\x92\xb4\x02\x00Q\xfe\xbf\xact%\x18`\x94\xf0\
|K\xc8E[Rn\x84\x97\xb4-\xad\x0d6\xc1^\
\xd3X\xf0\xb2|\xf8\x95\xfc^\xa5\x19Wo\xfc\xe0\xb7\
\xb6L{\xea\x1e\x93p\xf7d\xd4\x0a\x00\xac%!\x0f\
\x90\x1c\x03P\x90\xfe-!\xef2\xc3v\xb6\xc4\x01\xd8\
\xca\xd7P\xc6\x0d,,\x9f\xfbOY\x9f\xa0L\xec\xb6\
\x87cD\xdfg\x00S\x94\xf1{\xdd\xefHY\x01\xb0\
\xab\x9d\xf0\x04(\x14\xefg\x1b10k\xde\x0e\x07`\
\xea\xa49\x946|\xdc\x1cu\x8d\x19\x17\x0d~\xf0|\
\x86DC[\xfb\xb2\x0et\xa3nk\xe9I0\xe6\x98\
o4?\xb7\xe9.\x19\x00\x10z\xf4\x86\x0e@\xd0`\
9\x11\xad\xe7h\xf7\x8a\xaf\x80a\xd0\xc9G\x0e\x991\
\xe3.c\x8c\x05\x9e4\x12\x93Wn\xd0\xe5\xbf\xcb\x13\
=\xed\x84\xf1O\x06\x9e\xc4K\x1bK:_\xbf\xb7\xc6\
^N\x00p\xb6y\xa9\x1e\x1c$\xbd\xa2}0\xf8\xe3\
zN \xa0\xd8\xfa\xfe?]>\xeb\xd1n\xf4\xe3g\
\xf0\xc8\x223\x8dE#\x80\x9e\xf3\x00HLT\x1e\x13\
0\xbf\x00`\xe8)\x9ct\xf9\x86\x16\x8c/~\x96\x02\
\xe3\x1fbIwN2'\x00\xbe}\xfb\xf6\x87S\x8a\
\x09*`\xe4\xdd\xfb\xff8\xdf=\xb2\xb5\xb9\xad\x09\xd8\
G\x93\xa4\x11\x10\xc9[\xd7_\x80\xa3\x0b\xf4\xa2\x89\xf6\
\x1d\x08\x02\x00\xe8\xc6v<\xca?\xb4m+zC\x8b\
\xa4\xa8G\x18\xdf\x1bk9\x01\x80\x8eN\xd4\x908\x93\
K\x01\xac+-M!k\xd34\xdd\x7fD\xdb\x1f+\
\x8ct\x09p\xec\x07z\xfb\xd5\xe2sx\x99-g\xbb\
\xe9\xd0\xcb/\x8e\x13h|\xd3\xd7\x97;\x01\xd0w\xb2\
\xae\x1b}\xdd\x01\x15`\xceK\xcf\xa7\x94\x15Fg \
\xe9\x0d\xf4R\xf4\xc3\xd9\xde\xd3\xbe\x8c\x91_j|\xca\
\xe4\x05\x00\xd6\x8f_\xd9\xc8\x97 `\xcc\x06\x84\x8f\xd4\
du\xfd\xec\x99\x8c~O8\x18\xe8\xf5\xedR2\xeb\
\xdd\xc3\x90\x10\x00c^\x91\x1fV9\xaf\xbd\x00\xc02\
\xc0\xf5\x83\xc9I\x00\x15\xf7\xa1\xe0Q\x1bC\xa01\xd9\
\x01\x80>\x8b\x99=\x93\x09\xb2G\x18\xf2\x9c2\xed\x15\
\x8d>\xa5\xf1\x11(G\xbf\x00\xe3\x05\x00\xa5\x82\x17x\
\xca\xdc\x970\x18\xd1\xed\x8b\x8f\xc6\x84u\xc1\x99I\x97\
\xe9KTn.\xf9\xa0O\xfec\xacc\xdc\xd2\x1e\xf3\
<\x13\xdd\xdd\xd6n,\xbd \x00\xe0\x05\x18\x0c\x86\xbc\
\xc0\x01fZ\x1b\xcb|\xea\xf6\x12\x99$\xc6\xe5\xcc\xe2\
\xed\xe8\x18y\xc9\x87 \xeb\xf5\xd9\x91\xe29\xcbX\xd7\
\x15\x08>\x86M(\x17h\xec\xb6v\x87\xf5\xa1\xeb \
\x00H\x00\x0cD\xbbv\x12\x85\x93\xde\x1c\x09\xcb\x92\xf5\
\x16m\xc8\x9b\xc6\x1d\x96\xd9\xaey;\x9a:ca\xa4\
c\x1f\x1f\xd6\xa1M\xf4m7\xfa\x1cS.\x9b\xbc\xd2\
2\x11\x00H\x0cn^\xb4\x11\x03\x10,\x1e\x14\xd2\xf8\
\x90\xf7\xc6}4\xc7\xb1\x9f\xd0F4&\xd3\xc7\xccX\
s-\xc9\x01\x9aC\x18)\xb8\x01\x856'l+\xa1\
\xc96h\xfb\x14}\x82t\xd9\xd6\x97\xc4\x00\xc0\x9a%\
}\x13\xc8\xec\x80\xf9\xf8NV\x07\x00\xb60l\xd0\xf8\
\x14 bLl\xbeK\xf0\x88\x8d\xc0m\x7fd;\x80\
&\xb8|\x1a\xc2l\xcb>!\xda0>\x9anB\x0f\
\xec\x0cYo.\x06\x00\xa9P8\xe6\x92DCl\xb7\
[\x91!$\xf4Bm\xc0+\xea\xc9\x1a\x95\x18\xa2\xe9\
\xab\x0f\xb8\xed\xe7\xd0U0xv\xd1'm\xd4Y\xd7\
u\xc8}\x08\xeb3.C\x93\xf1G\x14\x00\xc8\x0e\x02\
l\x98K\x12w\xb3\xe8\x8e%m\xc7\xb4\x01\xd8\xf8~\
\xa1\xf8\xd9z\xd34\xa79\x94\x08\x17L\xb7}M\x1f\
0<\xb7\xb1\xbd\x1bh\x92\xb1\x82N\xf7\x0f6\xf7\xdb\
\xa2\xac\x81\xdcb\x8f\xb2\xdf\xd7u\x1e\x0d\x00\x08p\x0e\
\x17%]\x0e\xba\xddB\x18\x88/w\x8ez\xa5\xcb6\
\x00\xec\xb9\xf3G\xa7x\xf7!~\xe0\x02\xd9\xcf\xe1\xfa\
\x8fm\xf4R\xca\xa8\x0f\x1a\x86\xa0b\x9eB\xc3\xd7\x87\
4\xa7\xa2M\xbe\xd1\x00`'\xb8\xa8\xb7\x88@\xa3\xa2\
V\xec\x8f\xffN  \xbd\x83\xbb\x16\xedl\x91\x97-\
\x81\x06\x7fA\xac%M[\xbd\xaf\x0c\xb2_\x9b\xb1\xbe\
\xb61u9A5\xe4;%\xed$\x00P@\xba?\
\x80 e&\xbd\xc0\xd2\xd0\xfd\xf2\x17\x97\x07\x183\xf8\
Sph\xc7\xc7\xa4\x9d\xd1\xd1>j\xc6SV\x938\
\x9b\xcc\xf9\xda\xf2\xa9\xe4M\x06\x00\x05\x02\x08N\x11\x13\
$\x07;pm\x0c\x12\xaf\xfd\x14\x1c\x0d<Lh\xc7\
\x9dF\xb1\x9b\xa7l\x83\xb4\xe8\x7f/\x1d\xc8R\xd4\xe5\
(\x00p$X\x03?\x02\x04\x87</1q\xcd\xc7\
\xcc/V\xbe\xa5u6\x1a\x00\x1c\x00@\xd0\xcd0*\
\x9b\xd7\xa5$.QS\xad\xf9\xa5\x8cq\xac\x1cY\x00\
`\x84\xa0\xb2\xe1\x0d&\x09\xb2\x0c\x0fi\x0e9D;\
pRz\xb7\xb5]V\x00PI\xf0\x06\xdd3ix\
\x03\xf1\xad\x22\xfb\xe5J\xe4\x0b\x97\x9f\xfd~9\x97|\
\xa5\xd1\xc9\x0e\x003@x\x83\xee\xd7<h\x10S6\
e\x0e>\xddw\x0a\xc9wJ>\xb7\x8d\xf6d\x000\
\x8a\xa2A8#\x99\x10\xcdG=|14\x5c9\xe8\
\x9d\x92.\x13\xf8X\xbfU\xec\xea\xab\xe5W\x1a\x98\x1c\
\x00Wl\xae>\xb1\xa1\xf1\x8a\xc6b\xc2\x1a\xbdA\x90\
\xc6\xcd$\xe9\xb6)\x1f~\xbcf?\xf6g\x02\xbd\x94\
}\x88+aV\xf29\xb5\x98\xb3\x02`\x7f0\x8c\x15\
\xb0\x8fp\x02C\xf2\xc1\x09\xf7\xcfC\x89\xbf?\xf4\x17\
\xfb\xed\xd3\xd1\xf3q\x1aX\x0c\x00\xe3\xc4\xd6\xde\xb94\
\xa0\x00\xc8\xa5\xc9\x95\xd2Q\x00\xac\xd4p\xb9\xc4V\x00\
\xe4\xd2\xe4J\xe9(\x00Vj\xb8\x5cb+\x00ri\
r\xa5t\x14\x00\x85\x1an.\xb1\x14\x00si\xbaP\
>\x0a\x80B\x0d3\x97X\x0a\x80\xb94](\x1f\x05\
@\xa1\x86\x99K,\x05\xc0\x5c\x9a.\x94\x8f\x02\xa0P\
\xc3\xcc%\x96\x02`.M\x17\xcaG\x01P\x98a\xe6\
\x16G\x010\xb7\xc6\x0b\xe3\xa7\x00(\xcc s\x8b\xa3\
\x00\x98[\xe3\x85\xf1S\x00\x14f\x90\xb9\xc5Q\x00\xcc\
\xad\xf1\xc2\xf8)\x00\x0a3\xc8\xdc\xe2(\x00\xe6\xd6x\
a\xfc\x14\x00\x85\x18d)1\x14\x00Ki\xbe\x10\xbe\
\x0a\x80B\x0c\xb1\x94\x18\x0a\x80\xa54_\x08_\x05@\
!\x86XJ\x0c\x05\xc0R\x9a/\x84\xaf\x02\xa0\x10C\
,%\x86\x02`)\xcd\x17\xc2W\x01\xb0\xb0!\x96f\
\xff?\x00\x00\x00\xff\xff\xb7\x17\x7f\xc9\x00\x00\x00\x06I\
DAT\x03\x00\xcf\xae]L;\xd5\xcb\xf6\x00\x00\x00\
\x00IEND\xaeB`\x82\
\x00\x00\x05\xf0\
\x89\
PNG\x0d\x0a\x1a\x0a\x00\x00\x00\x0dIHDR\x00\
\x00\x00\x80\x00\x00\x00\x80\x08\x06\x00\x00\x00\xc3>a\xcb\
\x00\x00\x05\xa5IDATx\x01\xec\x9d\x81u\xd30\
\x10\x86\x93\xbe\x0e\xc0\x00I[6\x80\x0d\xba\x02\x1b\x94\
\x09\x80\x09(\x13\xd0\x0d\xca\x06\xb0AG\xa0\x1b\x946\
\x99\xa3F\xf7Z5\x8ec\xc7:\xebN:Y?\xcf\
B\x8e#\x9fN\xf7}q\x93&\x81\x93\x05\xfeT]\
\x01\x08P5\xfe\xc5\x02\x02@\x80\xca+P\xf9\xf2q\
\x05\x80\x00\x95W\xa0\xf2\xe5\xe3\x0a\x00\x01*\xaf@\xa5\
\xcb\xf7\xcb\xc6\x15\xc0W\xa2\xd2\x1e\x02T\x0a\xde/\x1b\
\x02\xf8JT\xdaC\x80J\xc1\xfbeC\x00_\x89J\
{\x08P)x\xbfl\x08\xe0+Qi\x0f\x01*\x03\
\xdf].\x04\xe8V$\xe1\xed\xcdfs\xe9\xda\x9dk\
M\xab}I\x98\x02\xde\x0eNYl?\xd7\xc3\xc3\xc3\
\x05\x01w\xb7\xef\x5c\xbbt\xad\xbd\xdd\xd0}\xdb\xed\xf6\
\xb6}Pk\x1fW\x00\xad\xca\x0e\xc4}zz\xba:\
==}\x18\xb8\xfb\xedp\xd34W$\xc2\xdb\x01\xa5\
\x1d\x08\xa0T\xd8\xbe\xb0\x04\x7f\xb9\x5c\xb2\x1e\xd9\xda\x12\
@\x80>R\x0a\xc7\xa6\xc0\xf7ihJ\x00\x01|\x95\
\x15\xfb\xc7\xc7\xc7k\xee#\xbf\x9b\x8e\x96\x04\x10\xa0[\
i\xe1\xdb\x04\xff\xe4\xe4\xe4\xbbDX\x0d\x09 \x80\x04\
\x99\x81\x18\x92\xf0\xfd\x14S%\xf0\xe7w{\x08\xd0\xad\
\x88\xd0m\x0d\xf8>5I\x09 \x80\xaf\xaa`\xaf\x09\
\xdf\xa7\xe9\x9eT\x8e\xbe\x94\xf4c\x8f\xf5\x10\xe0Xu\
&\xdc\x97\x02>\xa5\xe5\x9eT^\xb8_(\xbd\xa3\xfd\
\x98\x06\x01b\xaa\xd797\x15|?\xad\xfb\x85\xd2o\
\xbf?\xb5\x87\x00S+\xd79/5\xfc\xd7\xe9\xbb\xbf\
F~=\x1c\xdeA\x80\xf0Z\x0d\x8e\xcc\x04\x7f0\x1f\
\xce\x1d\x10\x80S\xad\x9e\xb1%\xc3\xa7\xe5@\x00\xaa\xc2\
\xc4V\x02\xfc\xb1\xa5A\x80\xb1\x0a\x0d\xdco\x01\xbe{\
%p3\x90^\xf0a\x08\x10\x5c\xaa\xdd@\x0b\xf0)\
\x9b\xd5j\xf5\x8d\xfa\x98\x06\x01\x98\xd5\xb3\x02\xff\xf9\xf9\
\xf9\x073\xf5\xde\xe1\x10\xa0\xb7,\xfd\x079\xf0\x9b\xa6\
\xf9\xd7\x1f%\xfe(\xc5>??\xbf\x8e\x8f\x84\x7f!\
$\xb8\x86\x5c\xf8ggg\xef\xd7\xeb\xf52x\x82\xc0\
\x81\x04\x9fb\x07\x0e\x1f\x1d\x86+\xc0h\x89\x16\x8b)\
\xf0}XI\x09\xa4\xe1S\x8e\x10\x80\xaap\xa4\xc5\xc0\
\xf7a%$\xd0\x80O\xf9A\x00\xaa\xc2@\x93\x80\xef\
C\xc7H0\x05\xbe\x9fw\xac\x87\x00\x03\x15\x92\x84\xef\
\xa7\x98\x22\x81&|\xca\x0b\x02P\x15:M\x03\xbe\x9f\
\x82\xf3\xf2M\x1b>\xe5\x04\x01\xa8\x0a\xad\xa6\x09_3\
vk\x09\xac]\x08\xd0*\x97& Nl\x97\xd2\xbd\
\xe4K=\x17op\x83\x00\xaf\xa5\xe1\x00\xe2^\x9a9\
\xb1]:\xf7\xee\xb9\xc2G\xd7'\xd9 \x80+3\x07\
\xd0\x9c\xe0\xbb\xa5\xe3\xcb\xa15\xc3\xaf^\x809\xc2'\
\xa8\x9cV\xed\x8f\x00\xc0\x7f\xd1\xa4J\x01\x00\xff\x05>\
\xfd]\x9d\x00\x80O\xd8w\xad*\x01\x00\x7f\x07\xde\xef\
U#\x00\xe0{\xe4\xfb}\x15\x02\x00\xfe>\xf4\xf6\xad\
\xd9\x0b\x00\xf8m\xdc\x87\xfb\xb3\x16\xa0&\xf8\x87h\xc3\
\x8e\xccV\x00\xc0\xafX\x00\xc0\x0f\x83O\xa3fw\x05\
\x00|\xc2\x1a\xdef%\x00\xe0\x87\x83\xf7#g#\x00\
\xe0{\xa4\xbc~\x16\x02\x00>\x0fz{t\xf1\x02\x00\
~\x1b'\x7f\xbfh\x01\x00\x7f\xb1\xe0#\xdf?\xa3X\
\x01\x00\x7f\x1f\xe4\xd4[E\x0a\x00\xf8Sq\x1f\x9eW\
\x9c\x00\x80\x7f\x081\xe6HQ\x02\x00~\x0c\xea\xfes\
\x8b\x11\x00\xf0\xfb\x01\xc6\x1e-B\x00\xc0\x8f\xc5<|\
\xbey\x014\xe1o\xb7\xdb\x9f\x8c\x7f\xcb?\xe97v\
\x86\x91\xc9\xdecZ\x00e\xf8\xb7M\xd3|\x0d,\xa7\
9\xf8\x81y\x8f\x0e3+@\x02\xf8W\xa3\xd5y\x19\
0[\xf8\xb4<\x93\x02p\xe0\xbbE\xb0\xbeI\xeb.\
\xfb\xf4\xc8\x07|W8\xda\xcc\x09\xc0\x85\xcf\xf9&-\
\xe0\x13\xf2\xfdfJ\x00\xc0\xdf\x87\x93\xe2\x96\x19\x01\x00\
?\x05\xee\xc39L\x08\x00\xf8\x87`R\x1d\xc9.\x80\
!\xf8\x7f8\xcf'R\x01\xd2\x9e'\xab\x00V\xe0/\
\x97\xcb_\x0e\xfe'\xedbK\xc4\x97\x8e\x91M\x00K\
\xf0W\xab\xd5g\xe9\xc2\x96\x12/\x8b\x00\x80oG\x8f\
\xe4\x02\x00\xbe\x1d\xf8\x94IR\x01\x00\x9fJn\xab%\
\x13\x00\xf0m\x81\xf7\xd9$\x11\x00\xf0}\xb9\xed\xf5\xea\
\x02\x00\xbe=\xe8\xed\x8cT\x05\x00\xfcv\xa9\xe3\xf6\xb5\
\xceV\x13\x00\xf0\xb5\x90\xc9\xc6U\x11\x00\xf0e!i\
F\x13\x17\x00\xf05q\xc9\xc7\x16\x15\x00\xf0\xe5\x01i\
G\x14\x13\x00\xf0\xb5Q\xe9\xc4\x17\x11\x80>j\xa5\xf5\
\xf1j\x8a\xdd4M\xd0g\xf8\xe8]\xbd\x9a\xdf\xd8\x99\
\xa2H\xb4\x00\x1c@.A\xd6'l9\xb1\x01\xdfU\
w\xc2\x16-@\xe8\xa3\xd3\xe5\x06\xf8\xae\x08\xdcM{\
|\xb4\x00\x81\x09\x02~`\xa1R\x0fK!\x00\xe0\xa7\
\xa6\xca\x98O]\x80\xf5z\x1d\xfc?`\xe1g>\x83\
\x9c\xd0Pu\x01B\xf3\x04\xfc\xd0J\xc9\x8e3!\xc0\
f\xb3\xf9\x1b\xfad\x12\xcf\xf6g&\x00\xc1wK\xfa\
\xe0\xda\xe8\x06\xf8\xa3%b\x0f\xc8z\x05\x00|6/\
\xf1\x13\xb2\x09\x00\xf8\xc7Y\xa6\xbaW]\x00\x07\xba\xe9\
kn\x81\xb8\xec\xbb\x22\xe4\xde\xd4\x05\x88Y ~\xe6\
\xc7T/\xec\x5c\xb3\x02\x00~\x18\xc0\xd8Q&\x05\x00\
\xfcX\xac\xe1\xe7\x9b\x13\x00\xf0\xc3\xe1I\x8c4%\x00\
\xe0K \xe5\xc50#\x00\xe0\xf3\xc0I\x8d6!\x00\
\xe0\xefp\xa6\xde\x8b\x16\xc0\xbd\xdb\xb7\x8cm\xf8\x18W\
j\xec\xbb\xf9\xa2\x05\xd8\x85\xc2^\x89\x15\x80\x00%R\
\x13\xcc\x19\x02\x08\x16\xb3\xc4P\x10\xa0Dj\x829C\
\x00\xc1b\x96\x18\x0a\x02\x94HM0g\x08 X\xcc\
\x98P\xb9\xce\x85\x00\xb9*od^\x08`\x04D\xae\
4 @\xae\xca\x1b\x99\x17\x02\x18\x01\x91+\x0d\x08\x90\
\xab\xf2F\xe6\x85\x00F@\xe4J\x03\x02\xe4\xaa\xbc\x91\
y!@f\x10\xb9\xa7\xff\x0f\x00\x00\xff\xffA\x89\x0a\
\x8b\x00\x00\x00\x06IDAT\x03\x00\x84\xa6\x13=0\
+fS\x00\x00\x00\x00IEND\xaeB`\x82\
\x00\x00\x05\xfa\
\x89\
PNG\x0d\x0a\x1a\x0a\x00\x00\x00\x0dIHDR\x00\
\x00\x00\x80\x00\x00\x00\x80\x08\x06\x00\x00\x00\xc3>a\xcb\
\x00\x00\x05\xafIDATx\x01\xec\x9d\xdfQ\xdb@\
\x10\xc61\x03\xef\xf0\x8e\x01w@\x09\xd0AJH:\
\x08\x15\x84T\x00\x1d\x84\x12\xd2\x01t@\x09\x06\xcc;\
\xbc\xc3\xa0\xecf|\xc1\xd1\xd8B\xd2\xddjW\xbb_\
\x86\x1b\xc9\xd2\xdd\xde\xee\xf7\xfd\xf4\x87\xc8\x83\xb6\xb7\xf0\
/\xb4\x02\x00 \xb4\xfd[[\x00\x00\x00\x04W x\
\xf98\x03\x00\x80\xe0\x0a\x04/\x1fg\x00\x00\x10\x5c\x81\
\xa0\xe5\xa7\xb2q\x06HJ\x04]\x02\x80\xa0\xc6\xa7\xb2\
\x01@R\x22\xe8\x12\x00\x045>\x95\x0d\x00\x92\x12A\
\x97\x00 \xa8\xf1\xa9l\x00\x90\x94\x08\xba\x04\x00\xc1\x8c\
\xaf\x97+\x02\xc0\xd3\xd3\xd3\xe5b\xb1\xa8\xd0\xfe\xd7\x80\
t\xf9U7@\xfbsQ\x00\x1e\x1e\x1e.\xd8\xf4\xaa\
\xaa\xbek\x17fq~\xd2\xe5\xab5\x08\x8a\x01\xf0\xf8\
\xf88\xdf\xde\xde\xfeaQxK9Y\x83\xa0\x08\x00\
|\xe4O&\x93cKB[\xce\xc5\x12\x04E\x00\xc0\
\x91\xdf\x1d7+\x10d\x03`\xed\x9a\xd6\xdd\x0a\xbd\x11\
\x16 \xc8\x06\x80\x8b\xd0\x93p\xfc3\xb3~\x9a\x07Q\
6\x00\xe3\xb7@\xbf\x82! \xd8T\xa58\x00\xd3\xe9\
t\x12\xb9m\x12\xbe\xbe]\x0b\x02q\x00\xea\x85F\xfb\
\xcc\xf0\xb7\xadY\x03\x02\x00\xd0\xd6\x9d\x8c~\x96!\x00\
\x00\x19\xc6v\x19j\x15\x02\x00\xd0\xc5\xc5\xcc\xbe\x16!\
\x00\x00\x99\xa6v\x1dn\x0d\x02\x00\xd0\xd5\xc1\x02\xfd-\
A\xa0\x0a\x00?9\x1cs\xcbaa(\x08>\xcbQ\
\x15\x80\xcf\x92\xf3\xbe\xdf\x02\x04\x00@\x992m\x08\x00\
\x802\x00<\xbd&\x04\x00\x80\x1d0\xd0\xb4 \x00\x00\
\x06\xccO)h@\x00\x00\x92\xfaF\x96]!\xc8M\
\x1b\x00\xe4*(0\xbe\x0b\x04\xb9\xd3\x03\x80\x5c\x05\x85\
\xc6\xe7B\xd06-\x00\xd0V)\x85~C@\x00\x00\
\x14\x8c\xb54%\x00\xb0\xe4\x86B.\x00@AtK\
S\x02\x00Kn(\xe4\x02\x00\x14D\xb74%\x00\xb0\
\xe4\x86B.\x00@At\xc9)\xbb\xc6\x06\x00]\x15\
s\xd6\x1f\x0083\xb4k9\xaa\x00\xf0\xfft\x8d\xb9\
u\x15\xdbb\x7fU\x00,\x0a\x12-'\x00\x10\xcd\xf1\
Z\xbd\x00\xa0&H\xb4\x8f\x00 \x9a\xe3\xb5z\x01@\
M\x90\xb1~\xec\x9b7\x00\xe8\xab\x9c\x93q\x00\xc0\x89\
\x91}\xcb\x00\x00}\x95s2\x0e\x0081\xb2o\x19\
\x00\xa0\xafrN\xc6\x01\x00'F\xf6-\x03\x00\xf4U\
\xce\xc98\x000r#s\xd3\x07\x00\xb9\x0a\x8e|<\
\x00\x18\xb9\x81\xb9\xe9\x03\x80\x5c\x05G>>,\x00\xf3\
\xf9\xfc\x98\xda\xe9\xb2\x9d\x8c\xdc\xc7\xde\xe9\x87\x01\x80\x8c\
\xde\xe3\xb7\x9a\xa4?J\xb5\xb3\xb33\xa7v\xb3lw\
i;\xf7\xa1\xbea^~\xe1\x1e\x002s\x8f\xcd%\
\xa3\x9f\xdb\xbc\xd5\x84\xfbP\xdf9\x8f\xa1\xb1\xeeAp\
\x0d\x00\xbf\xca\x86\xcc|\xee{~\xa4\xb1s\x8e\xd1w\
\xfc\x18\xc6\xb9\x05\x80\x8e\xe0\xbb\x12\xaf\xb2\xe1\x18\x1c\xcb\
\x9a\x99\xa5\xf2q\x09\xc0\xf2\x0d\x1c%o\xecN\x961\
K\xe9n&\x8e;\x00\xe8h=\xe5\xbf\xbb_Za\
\x8e\xc9\xb1K\xc7\xd5\x8e\xe7\x0e\x00\x12\xf4\x86\x9a\xd4\x8f\
dl\xa9\x9c\x1b\xe3\xba\x02`\x88\xd34\xcdq\xd9\xa8\
\xe8\xc8v\xba\x02\x80O\xd3\xd2\xfa\xd3\x1c\xae^\x8b\xeb\
\x06\x00\xfa\x9d\xbd\xe4M_#G4\x97\x9b\xff\x1fp\
\x03\x00\xfd\xce>\xd8{\x8bwww\x07\x9b\xab\x91\xc4\
\x02;\xdd\x00@Z\x9cR\x1b\xe4\x87.\x03_\x06\x99\
h\xcd$\xa57y\x02`\xaf\xb48\x0d\xf1\x86\x9c\xab\
!\x8d\xfc]\x9e\x00\xc8W#`\x04\x00\x10\xd0\xf4\xd5\
\x92=\x01\xf0\xb2Z\x98\xf0\xfa\x90s\x89\x96\xe2\x06\x00\
z\x8c{-\xaa\xd4Jp\x9a\xeb\xf7\xca\xc7Q\xaf\xba\
\x01\xe0\xf5\xf5\xf5\xe7PN\x0c9\x97tMn\x00\x98\
\xcdf\x83\x9d\x96i\xae{ic\x86\x8a\xef\x06\x00\x16\
\xec\xfd\xfd]\xfc,@\xa7\xff\xc1.5\x5cSjR\
KW\x00\x1c\x1d\x1d]H\x09\x95\xe2\x1e\x1c\x1c|K\
\xeb\x1e\x96\xae\x00`C\xde\xde\xdef\xbc\x94h\x92\xb1\
%\xf2m\x13\xd3\x1d\x00|}\x96\xb8\x14pL\x8e\xdd\
F\xd41\xf5q\x07\x00\x8b\xcf\x97\x02\xbaV_\xf1z\
\x89F\xb1\xae9f\x89X\xd6b\xb8\x04\x80E\xa6k\
\xf59\x1d\xb5\xe7\xbc\x9e\xd38\x06\xc5ru\xdd_\xd5\
\xc3-\x00\x5c$\x1d\xb5W\xfc\xa7hi\xbd\xcf\xaf\x88\
/<\x96c\xd0x\xb7?\xae\x01H\xae\x91\x91\xfb\xcb\
\x1b\xb8\xdb\xb4\xadayK}\xf7yLC\x1f7\xbb\
B\x00\xc0n\xf1\x0d\x1c\x99zFm\x92\x1a\x19=\xe3\
\x96>/\x97g\xd4\xb7\xcf\x19\x83\xa7)\xde\xa4\x03\x86\
\x01`\x9d\x90d\xf4=\xb7u\xfb\xa2l\x0b\x0d@\x14\
\x93\x9b\xea\x04\x00M\xea\x04\xd8\x07\x00\x02\x98\xdcT\x22\
\x00hR'\xc0>\x00\x10\xc0\xe4\xa6\x12\x01@\x93:\
\x01\xf6\x01\x00\xa3&\x0f\x95\x968\x00\x8b\xc5\xa2B\xeb\
\xaf\x814\x08\xe2\x00H\x17\x80\xf8y\x0ad\x03@\x8f\
J\x8b=v\xcd+%\xdeh\xd2>\xfb\xebi\xd9\x00\
\xd0\xa3\xd2\xecG\xae\xf1\xac+S1i\x9f\xfd\x98:\
\x1b\x00.\x85\x9e\x99\x8b\x7f\x19\x93\xe7A\xfbP\xa0\x94\
\xe6E\x00\xa0g\xe6\x17UU\xb9\xf9\xaa\xf4\x87\xcc6\
\xd7Xk\xd6\xbcDvE\x00\xe0D\x0e\x0f\x0fg\xa5\
\xa8\xe4xh\xeb\x15`\x8dY\xeb\xf5{\xbbo-\x06\
\x00O\xcdT\xf23\xf5\x127'\x1c/b\xdbT3\
i\xfa\xf7\xdbM\xac\xf1\xa6>}\xb6\x17\x05 %\xc0\
7'\x0c\x02\xda\xf4\xdf\x97Or\xb5 MEn\xb6\
E\x00H `i_\x01\x00`\xdf#\xd1\x0c\x01\x80\
\xa8\xbc\xf6\x83\x03\x00\xfb\x1e\x89f\x08\x00D\xe5\xb5\x1f\
\x1c\x00\xd8\xf7H4C\x00 *o\xfb\xe0Z=\x01\
\x80\x96\xf2F\xe6\x05\x00F\x8c\xd0J\x03\x00h)o\
d^\x00`\xc4\x08\xad4\x00\x80\x96\xf2F\xe6\x05\x00\
F\x8c\xd0J\x03\x00h)od^\x00\xa0l\x84\xf6\
\xf4\x7f\x00\x00\x00\xff\xff\x0b\x9a\xb1\x7f\x00\x00\x00\x06I\
DAT\x03\x00\xac%\xa0=y6\xb9 \x00\x00\x00\
\x00IEND\xaeB`\x82\
\x00\x00\x08'\
\x89\
PNG\x0d\x0a\x1a\x0a\x00\x00\x00\x0dIHDR\x00\
\x00\x00\x80\x00\x00\x00\x80\x08\x06\x00\x00\x00\xc3>a\xcb\
\x00\x00\x07\xdcIDATx\x01\xec\x9d\xddu\xdc6\
\x10\x85\x97\xb2\xfdn\xbd\xfbG\xdb\x81\xd3\x81UA\xd4\
A\xa4\x0a\x22W`\xa7\x02\xab\x03\xd9\x158\xa9@\xea\
@\xea\x80\xfa{\xb7\xde\xf5\xb3\xb9\xb3\x87\xf0\xa1W\x00\
\x09\x82\x03\x10\x14\xae\x8f\x11\xee\x82\xc4\xcc\x9d;\x1f\xc1\
]\xe5\x1cyk\xc1?E;@\x00\x8an\xffbA\
\x00\x08@\xe1\x0e\x14^>w\x00\x02P\xb8\x03\x85\x97\
\xcf\x1d\x80\x00\x14\xee@\xa1\xe5\x9b\xb2\xb9\x03\x18'\x0a\
=\x12\x80B\x1bo\xca&\x00\xc6\x89B\x8f\x04\xa0\xd0\
\xc6\x9b\xb2\x09\x80q\xa2\xd0#\x01(\xb4\xf1\xa6l\x02\
`\x9c(\xf4H\x00\x0ak\xfcf\xb9\x04`\xd3\x91\xc2\
\xde\x13\x80\xc2\x1a\xbeY.\x01\xd8t\xa4\xb0\xf7\x04\xa0\
\xb0\x86o\x96K\x006\x1d)\xec=\x01(\xac\xe1\x9b\
\xe5\x12\x80MG\x0a{O\x00\x0ai\xb8\xabL\x02\xe0\
r\xa6\x90y\x02PH\xa3]e\x12\x00\x973\x85\xcc\
\x13\x80B\x1a\xed*\x93\x00\xb8\x9c)d\x9e\x00\x14\xd2\
hW\x99\x04\xc0\xe5L!\xf3\x04\xe0\x997\xba\xaf<\
\x02\xd0\xe7\xd03?O\x00\x9ey\x83\xfb\xca#\x00}\
\x0e=\xf3\xf3\x04\xe0\x997\xb8\xaf<\x02\xd0\xe7\xd03\
?\xaf\x06@]\xd7;\x18\x1f\xcd\xc8\xd97h\xdc\xb9\
\xbe\xbe\xfe\xfb\xf2\xf2\xf2\x8b\x0cy\x8d\xb9\x0f\xb9j\x16\
m\xa2\xd3\x8c\xab\xab\xab=\xcc\xbd\xd6\xd0\x1b\x0c\x80\x08\
\x80q'\x18+\x19/_\xbe\xac1N\xcc\x9093\
nnn\xbej\x88\x1d\x13C\xcc3z\xa0\xb1F\xac\
\xa3\xad\xad\xad\xcf2\xe45\xe6\xce\xccy\xe8=\xc6\xdc\
\xa4\x7f\xa1\xa5\xed\xed\x99\xe84\xa3\xaa\xaa\x1f\xd0\xfb\x13\
\xd7\xac\xbd\x07\x10\xfb\xa1b\x07\x03\xd04~%\x02\x90\
\xf4#F\xef\xdf\xd5ju(b\xa70\x169\xbfJ\
n1\xafWhs\x01\xf4\xee\xcb\x1a\xacM\x0e\x02\x9a\
YKnH\xf1\xf2\x16\xd7-\x00\xc4\xb1\xac\xc1\xda_\
 \xc8\xbc\xcf\x18\x04\x00\x92\xac\xc9\xf3\x09l\xbb\xc6\x18\
\x0b\x88vl\xe7\xb5\xe7\xa0\x17)W\x87\xa1q\xb1x\
\x0dB\xe8\xfa!\xeb\xe0\xc9\x07\xd1\x8bf\x06{\x83\xb5\
\xc7\x80@v7\xef\xd4\xde\x00@\xdcOD\xdd\xc3\x18\
\xfd\x17\xbb\x07\xea\xad\xa3=s\x11\xfc5\xf4\xaeF\x0b\
m\x02H,\xc4\x0cnL\x13\xc6y\xc0\xe3\xe9\x10\x9e\
\x9c9/\x18p\x02\x10\xc8\xe7\x1b\xef\xda\xbd\x00\x80\x01\
\xd2|\x95\x0f\x1d\xa6\x16)\x18\xa6\xaaC\x80\x98\xaf\x11\
[\xf4\x9aT*G\xc4D\xe8Z\xd5\x03\x11\x86;v\
\x1f\x8f'\xf5\xcfH\xe8\x99\x17\x04\xbd\x00@`\x0d\xa1\
\xea\x85#\xe6\x02\xa6\x9e\xc1U\xd5\xd8\x88\xa9\xde|\xd1\
*C;6j\xdf\xc1\x1d\x1b\xedsF\xd3;\x91\xee\
\x1c\x9d\x00 \xc0\x1e\x04F\xdb\xfaD\x95\xa6\xa9\xd0+\
\xb0J\xd8hC3\x07j\x8f\xaaWz\x07\xbd\x9d\x8f\
\xedN\x00\x10\xe0G4'[\x81\xf1\x0c\xfc\xd2z\x1b\
\xf4\xb2\xb9\x9b\xa2\xc2*\xc2\xe0\x89\xfc\xbcc\xf4\xae\x95\
\xea\x1b\x06\xf4v\xf6\xd0\x09\x00\xc8\x19\xfc\x95B\x0c\x0a\
\x19x\x06~\x0eY\xd7^\xf3\xe2\xc5\x8b\x93\xf6\xfb\x98\
\xaf5\xee\x5c\xf9\x86\x11Sc;v\xd7\x0d\xe6\x04\x00\
\xe4D{6\xb5\xc5\x99\xd7\xf8\xd0\xe2\xfd\xbd\xd7\xaci\
\x1f\xa17\xfa\xdd\xdf\xca7j\x07\xc0n5\xaa\xd6\x96\
\x8e'/m\x13]7\x98\x13\x00[\xa0\x98s\xb8#\
\x82\x81\xc3n\xd5\xf9\x9c\x8b\xa1\x1b[\xf8_\xa1q\xb1\
[\x05\xd7\x1a\x9a\xd3\xb5\xce\x0a@jBE\xdc\x98;\
\x18kG?BD\xc3\x90\x01`\x83\x7f\xc0\x04\xbd)\
w\xabuY\xae\x1d\xd6\x0a\xc0\xabW\xaf\xfe\x5c\xaf\x9a\
\xcf\x7f\xd4\x7f\x9e\xe0Q\xfa\x149=d\xd9/\x01t\
\xd6\x9eZ\x01\x00\xdd\xb3*\xce^2g\xdb\x0e\xb8z\
\xea\x02 \xf9\x16\xd5\x16\xcb\xd7\xfa\x0e\x00\x00kO\xad\
\x00`\xbb\xb8\xd0\x97\xc0\x88S:\xe0\xea\xa9\x0b\x80\xf3\
)\xc52\xb7\xbe\x03\x00\xc0\xdaS+\x00\xd8.\xfe\xd3\
\x97\x105\xa2\xb5\xb8\xa8\x19\x17\x8b)r.\x5c\x7f\xfa\
\xe6\xef\xee\xee\xac=\xb5\x02\xf0\xf6\xed\xdb\xd3\xbe\x80\xda\
\xe7\x01]\xf0c\x07t\x1fi\xeb\xe9\x8b\x07\xbd\xff\xf4\
]\xe3:\x8f\xb5\xc1\xb5\xbab\xf6\xcd/\x97KkO\
\xad\x00\xf4\x05\x8bt\xfeSh\xdc7o\xde|\x0f]\
\x1b\xba\xee\xdd\xbbw\xff\x86\xae\x05\xb0\x07\xa1k\xb5\xd7\
9\x01x||\x0c&<D\xe4\x18C\x9b|\xb7\xcd\
1\xfaa\xec\x1d\x9cz\x87\x85^'pN\x00\xde\xbf\
\x7f?\xfa\xff\xd0\xf9v\x02w\xc47\xdfk]\xd7\xdd\
\xdf\xdf/]\xe7\xb4\xe7\x1f\x1e\x1e\xfe\x18\x1b3\xe5\x0d\
\x86\x9b\xcb\xe9\xaf\x13\x80\xa6\xc0\xdd\xe6\x18\xf5\x80-\xdc\
I\xa8ob<\xe3d\x07\xb0>\xe7|cx^w\
\xda\xe4\xf2\xbc\xdc~Y\xaa\x1b\xac\xef\xc6\xe8\x04@\xb6\
*l\x1fQ?\xb0\xf4\x09\xb4\xdbg\x9f\x85\xde\xe8\xc0\
j\xe6@\xed\xdb\xf6J\xd4f\xcf\x01kg\xff:\x01\
\x10\x19\xd8>\xa2m\xad\x80\xeb\xa0O\xa0h\x182\xd0\
\xa0j\xc8\xf5C\xae\xd5\x8e\x8d\xdao\x01\xc1\xe8\xc7\x89\
\xad\x06x{\x01\xbd\xbd\xb1{\x01\x90\xe0\x08\xa4n*\
\x9e\x81\x9f\x00\x97\xf3\xd9$yCG\x0c\xbd1bJ\
}\x80\xe0|\x0c\x04\x12csH\xf3\xe1\xad\xd7\x8d\xeb\
\x05\x80$\x10\x03$\xb0\xbc\x1e;P\xf0\x12\xcf\xc0\xa8\
\xdf\xdd\xb5\xf4J\xcd\x12kl\xcd]\xeb\x1b\x08\xbc\x1a\
\xd6\x15G\xce\xe1\x03\xf5\x91o\xf3\xe5zo\x00\xe4b\
\x09,\xcd\x93\xd7\x81\xe3T\xccD\xc1\x9d\xcf\xa5\xc0\xd8\
O\x96\x89^4p\xcc\x07\xcc]\x89\xf1$p\x84\x09\
\xf1D\xbcA\x03CwEy\x9cl\xe3\x03\xf5\xa0\x9f\
\xa7\x0c\x02@\xea6B\x01\x82|\xe0\x92O\xde2\xdd\
9P\xd4\x91\x14\x87!k:\xaf\xd5>\x89\x06~C\
\xdeJ\xf4\x02\x86^\xf0\x9akve\x0dF\x8ao\x15\
\xbf\x95\x8c\x06\x1e o\x05\x1d\xbe\xe0\x9e\xa2\xb6m\xac\
\xd9Fo\xbc\xfa\xd1N8\x18\x00\xb3\x18\xc9\xe4n\x96\
\xc4\x15\x92\xaf\x0d\xae\xaaj\xdf\x0c\x88Z\xca\xbc\x0c\x14\
5\x88J\x93C\xf3\xb8\xc4\x8fB\x01\xc3/M\xa2K\
4\xca\x90\xd7f4\xd7$o\xfcf\xad\xd0\xb1\x06\xd7\
\xe8\x82\xcem\x8c\xa5\x0c3\xd7\x1cwQ\xdb\xe0\xc6\x9b\
|\xc1\x00\x98\x00\xe6\x08\x11\xa7h\xf4w3\xf0\xbe\xf7\
n3k\xa7:\x8aF\x19S\xe5\x1f\x92\x17:o1\
.d\x0cY\xd7w\xad\x1a\x00}\x89x>O\x07\x08\
@\x9e}I\xa6\x8a\x00$\xb3Z7\x91V4\x02\xa0\
\xe5\xe4L\xe3\x10\x80\x996NK6\x01\xd0rr\xa6\
q\x08\xc0L\x1b\xa7%\x9b\x00h99\xd38\x04`\
\xa6\x8d\xd3\x92M\x00\xb4\x9c\x9ci\x1c\x020\xb3\xc6i\
\xcb%\x00\xda\x8e\xce,\x1e\x01\x98Y\xc3\xb4\xe5\x12\x00\
mGg\x16\x8f\x00\xcc\xaca\xdar\x09\x80\xb6\xa33\
\x8bG\x00f\xd60m\xb9\x04@\xdb\xd1\x99\xc5#\x00\
3iX,\x99\x04 \x96\xb33\x89K\x00f\xd2\xa8\
X2\x09@,gg\x12\x97\x00\xcc\xa4Q\xb1d\x12\
\x80X\xce\xce$\xae7\x00u]\xef\x5c]]\xd5\x1c\
\xf9{ \xbd\xf2\xe5\xcf\x1b\x00\x09XU\x95\xfc\x13'\
\x1c\x99\xfb \xbd\xf2\x1d\x83\x00\xf0\x0d\xca\xeb\xf4\x1c\x88\
\x1d\x89\x00\xc4v8\xf3\xf8\x04 \xf3\x06\xc5\x96G\x00\
b;\x9cy|\x02\x90y\x83b\xcb#\x00\xb1\x1d\xce\
<\xbe7\x00\xf2\x8b\x09\xe4\xb7Sp\xdc\xaf\x7fKG\
\xce>H\xaf|\xb9\xf3\x06@\x02J`\x8e\xe5\xfa\xb7\
t\xe4\xec\x83\xf4\xcaw\x0c\x02\xc07(\xaf\x1b\xef@\
\xaa\x08\x04 \x95\xd3\x99\xe6!\x00\x996&\x95,\x02\
\x90\xca\xe9L\xf3\x10\x80L\x1b\x93J\x16\x01H\xe5t\
\xa6y\x08@\xa6\x8dI%\x8b\x00\xa4r:\xd3<\x04\
 \xb3\xc6\xa4\x96C\x00R;\x9eY>\x02\x90YC\
R\xcb!\x00\xa9\x1d\xcf,\x1f\x01\xc8\xac!\xa9\xe5\x10\
\x80\xd4\x8eg\x96\x8f\x00d\xd6\x90\xd4r\x08@j\xc7\
3\xcbG\x002i\xc8T2\x08\xc0T\xceg\x92\x97\
\x00d\xd2\x88\xa9d\x10\x80\xa9\x9c\xcf$/\x01\xc8\xa4\
\x11S\xc9 \x00S9\x9fI^\x02\x90I#\xa6\x92\
A\x00\xa6r>\x93\xbc\x04`\xe2FL\x9d\xfe\x7f\x00\
\x00\x00\xff\xff[\xcf\x12:\x00\x00\x00\x06IDAT\
\x03\x00\xf4s\xa8L\xf0e\x07\xcd\x00\x00\x00\x00IE\
ND\xaeB`\x82\
\x00\x00\x0af\
\x89\
PNG\x0d\x0a\x1a\x0a\x00\x00\x00\x0dIHDR\x00\
\x00\x00\x80\x00\x00\x00\x80\x08\x06\x00\x00\x00\xc3>a\xcb\
\x00\x00\x0a\x1bIDATx\x01\xec\x9dk\x8c$U\
\x15\xc7\xa7{\xba\xc7}\x08\x1a\xd10\xcekwv\x9d\
\xb0\x0ah\x22\xf1\x83(\x89\x93\xf8@\x05\x1f_\xd6d\
\x95,f5\xbaD1|\xd0\x0f\x1au\xa3\xd1D?\
!Dwc\x8c\xa2\xf2\xfa\xc4#\x10\x9e\x09$\x84e\
\x13\x02_xe\x166\xd3;;\xafe\x02!\xc0.\
\xcc\xa3g\x8b\xdf\x19\xfa.\xa43\xd3u\xab\xfbV\xd5\
\xbd]gs\xcf\xde\xbauO\x9d{\xce\xff\xfc\xef\xad\
\xea\xaa\x9a\xeer\x8f\xfe+4\x02J\x80B\xa7\xbf\xa7\
G\x09\xa0\x04(8\x02\x05\x0f_W\x00%@\xc1\x11\
(x\xf8\xba\x02(\x01\x0a\x8e@A\xc37a\xeb\x0a\
`\x90(h\xad\x04(h\xe2M\xd8J\x00\x83DA\
k%@A\x13o\xc2V\x02\x18$\x0aZ+\x01\x0a\
\x9ax\x13\xb6\x12\xc0 Q\xd0Z\x09P\xb0\xc47\x87\
\xab\x04hF\xa4`m%@\xc1\x12\xde\x1c\xae\x12\xa0\
\x19\x91\x82\xb5\x95\x00\x05Kxs\xb8J\x80fD\x0a\
\xd6\xee\x98\x00sss\x97\x9c8q\xe2\xae\x99\x99\x99\
\x09\xa4\xa62\x93\x05\x06\x13\xd3\xd3\xd3w\xce\xce\xce~\
\xb6S\xbe\xb6M\x00\x12}5ND\xab\xab\xabO\x95\
J\xa5oGQt\x01\xb2]%\xca\x02\x83\x0bH\xfc\
w\xce\x9c9\xf3\xb4\xe4`jjj/\xed\xb6J[\
\x04`\xc6?N\xa2\xff\xd3\xd6\x88z\x90s\x04\xca\xe5\
\xf2M\xe4\xe4\xb1V\x867\xeaKL\x00\x18\xf7\x7ff\
\xfc\x1762\xa8\xfb\xf3A\x80\x9c\x5c\xc6\xaa\xfc\xef\xa4\
\xa3'\x22\xc0\xfc\xfc\xfc\xc7\x18\xe0\x07\x88\x16\x0f\x11`\
U\xfe\xe1\xd1\xa3G?\x9a\xc4\xb5D\x04\xa8\xd7\xeb3\
I\x8c\xabn\xf6\x08l\xd9\xb2e:\xc9\xa8\x89\x08\x80\
\xe1>D\x8b\xdf\x08lJ\xe2\x9e5\x01X^z\x93\
\x18V\xdd\xfc\x10 W%\xdb\xd1\xad\x09\xc0U\xe6.\
\x0b\xa3Op\x9a\x18U\xa9\xa7\x86\x019\xf8\x17\xd2\xb2\
\x90\xabO\xb6Tx_\xa75\x01\xdewL\xab\xcdK\
+\x95J\xadZ\xad\xd6GGG\x8f\xab\xb8\xc3\x00\xd0\
O\x82\xebK\xd4?BZ\x96\xbe>\xfb3\xb5k\x02\
\xac9\xc6\x12\xc4\xa7\xc5\xe9G\xd6\x1a\xfa_\xc7\x08\xf0\
\xf1\xee\x10\x13\xebmp\xad$5\x16\xa7\x9f\x0a\x01\x1a\
\x83\x8e\xc3\x82\x88\xe5\xe8\xa2F[\xab\x84\x08\x90\xf8\xf3\
\x04C\x12\xff\x93\x84\x87Z\xab\xa7I\x805'\xb8A\
\xf1,A<\xbb\xd6\xd0\xff\xac\x11\x00\xb3{H\xfc+\
\xd6\x07\xb4\xa9\x98:\x01\x1a~]D@\x11\xf2\xa5F\
[\xab\x0d\x10\x00\xa3O \x11\xddW \xa9\x97\xac\x08\
`\x02y\x94\xe0\x12\xdd\xa80\x07\x16\xa1\x06\x9b'\x89\
S.\xf4\xa8\xb2)\xce\x08\xc0R_\xb7ty\x88@\
\xe5\xda\xe0{\x96\xfa]\xaf\xc6\xb9\xfe\xf3\x82\x09\x81~\
\x0e\x89-\x09\xb0\x8e\xb5\xe5\x8c\x00\x9c\xaf\x8e.//\
\x7f8v\xc4\x86\x02A\xdc\xce\x05\xe2\xeb\x8dfa+\
\x12?\x09vOX\x02\x10\x09\xc6<\x06~\xd1R?\
V\xcd\x19\x01d\xa4\x9d;w\xbe><<LnK\
\x07\xa5\x1d'(\x9e\x0b\x00rmpm\x9cn\xb7\xf5\
\x13\xf7w\x119\xd7\x8f\xda\xc4\x06I\x0e\x82mY0\
\xb6\xd1\xb7\xd5qJ\x003\xe8\xd0\xd0\xd05\xdc\x0d\xdc\
L{\x15\xb1)\x7fc5X\x22H\xe7\x9fsm\x06\
\xcfZ\x87X_c\xcc;\x10\x9b\xb2*X\x8e\x8c\x8c\
\x5cc\xa3ltl\xebT\x08 \x83s\x17p\x11\xc6\
VH\xea\x9f\xa5\x1d'\xac\x06}\x9c\x0bW\x98\x15\x7f\
\x89\xd3\x0d\xb5\x9f\xd8~\x8eD\xc4ju\xaa\x14\xec\x04\
C\xc12\xad\x98S#\x80q\x18\xe6\xfe\x86\x15\xa1J\
0\xcbf_L\xfd+\x88\xb0\xba\xb0\xb0\xf0\xc1\x18\xbd\
`\xba\x89\xbd\xc2\xac_\xc2\xe1\x1b\x90\xd8\x82\xfe\xf2\xb1\
c\xc7\xaa\x82]\xacr\x87\x0a\xa9\x13@\xfc\x83\xf1u\
\x82\xf9\x00\xf5u\xd2\x8e\x13\x00(/--\xbd\x09\x11\
n\x8a\xd3\xf5\xbd\x9f\x19\xffW\xe2X!v\xab\x1b\xf4\
\x5c\xe0]'X\x8d\x8f\x8f\xdb~\xaa\xea\x08\x82L\x08\
`<d%\xb8\x1e\x911O\x99}\xadj\x88\xb0\x17\
\x00\xa3Z\xad\xd6\xdfJ\xcf\xc7\xbe\x89\x89\x89s\xf0\xfd\
\x0c\xbe\xfd\x12\xb1)\xa7\x04\x9bm\xdb\xb6]o\xa3\xec\
JG\x92\xe1\xca\x96\x95\x1dfB\xc4y\xed\x1c\x98~\
\xb5\xd5\x01(\xf1 d\x9e%\xf4!6\x83($\xfe\
\x96\xad[\xb7\xbe\x81\xb3V\xcf\xe5\xc1d\xaf`B-\
\x9f\x0a8,\xbb\x929\x01Lh0\xfd\xbf\x04M\xcc\
\xa5\x05\xb3\xafU\x8d\xe2W\x006\x9a\x9d\x9d\x95W\xa2\
[\xa9\xe6\xd6\x87\x7f\x83\x88$q\x8f\xa5\x13\x0b\x82\x01\
3\xff\x7f\x96\xfa\xce\xd5r#\x80\x89\x84\xe0\xcfg5\
\xb8\xd2\xb4\xe3jt\xe5\x8f\x22\x9e\x8a\xd3\xcb\xba\x9f\xc4\
\xcb\xe3o\xebw&\x89\xe3J\x92\x7f~\xd6~6\x8f\
\x97;\x01\xc4!V\x83{\x01\x83I^:.m\x0b\
\xb9\x04\xc0e5\xb8\xd4B7U\x15\xfc\xb8\x18\x91Y\
?n3\x10\xd75\xc7%V\x89\xd9F?\xa9NR\
}/\x08`\x9cf5\x18\xed\xed\xed\xbd\xcc\xb4\xe3j\
f\xd1a\xc0\x9f\x8c\xd3K\xab\x9f\xeb\x92\xe7\xb1\xfd\x0c\
bU$6\xae\xf0\xad\xee\xfcY\x19t\xa0\xe4\x15\x01\
$\x9e\x81\x81\x81\xc7e\x86\xb0\xfd\x1cbSF!\x81\
\xac\x06\xdf\xb2Qv\xa1355\xf5e\x19\x93%\xeb\
S\x96\xf6\x9e\x93\x98$6K\xfd\xcc\xd4\xbc#\x80\x89\
\x1c\xc0.f\xfb3\x88Ua5\xb8\x9b\xa4\xbcj\xa5\
\xdc\x81\x12c\xcc\x95\xcb\xe5\x87\x13\x98\xf8t#\x96\x04\
\x87d\xa7\xea-\x01\x04\x02\x80{\x06a\xa2\x95\x0eK\
\xdbB>B\x82\xe4Q\xf3O-t\x13\xa90\xeb\xd7\
\xeeIp\xd0\xc7\x91\xd8\x82\xd3\x87\xc5w\xc4\xeb\xb7\xa1\
\xbc&\x80A\x99k\x83/2\xc3w\x9av\x5c\x0d\xf8\
\x07!\xc2[\x5cpu\xfc\xb7\x0c\x07\x0e\x1c(c\xeb\
\x14\xb3\xde\xfa\xaed\xb5Z\xdd!>\xc7\xf9\xe9C\x7f\
\x10\x04\x10\xa0\xb8j\x9ed6\x95\xd8\xbe\x0f\xb1)\x9b\
\xb9\x05[G\xfe`\xa3\xbc\x9e\x0e\x17y\xbf\xde\xb7o\
\x9f<\xd1\xdc\xba^\xff:\xfb\xee\x13\x1f\xfb\xfb\xfbk\
\xeb\xf4y\xb9+\x18\x02\x18\xf4\x00\xf8\x9b<\x1e\xb5Z\
\x86\xe5\x18V\x81\xdf2\x83\xeb\x88<\x9e\x96]\xb1\xc2\
\xad\xe7M\x10G\xee\xdf\xff)V\xb9\xa1\xb0\xb2\xb2\xd2\
/\xbe5\x9a\xc1T\xc1\x11@\x90\xe5\xf1\xe8I\xc0f\
\xa5/\xdd,m\x0b\x91S\xc1[\x90\xe0\x9fq\xba$\
\xfe\x1f\xdczN\xf2\x0e\xfe\xcd\xe2\xcb\x8e\x1d;^\x8e\
\xb3\x9df\x7f\xbb\xb6\x83$\x80\x09\x96\xf3\xecU\x8b\x8b\
\x8b\x1f\xa2-7b\xa8b\xcb\x8f!AD\x92\xcfk\
\xd6\x94}\xd2\xc7\x8a\xb1\xbf\xb9o\x83vt\xfa\xf4\xe9\
sI\xfeU\x1b\xf4\x07\xb1;h\x02\x08\xc2ccc\
o\x90\x04\x89\xe3Fi\xdb\x08I~\x85d\xdfct\
e[\xf6\x99\xb6E}\x83\x8c\xb9k\xd7\xae7-t\
\xbdV\x11\xe0\xbcv\xd0\xd69\x12r-\xd7\x06\x9b9\
/\xd8>G\xbf\x82\xc4\xcb\xfb\x88\xb2zX\xbd\x83/\
\xb6Yu61\xd6/l\xfdJC\x0f?\xc4g'\
\xa6\xbb\x86\x00\x82\x06\xd7\x06\x8b$\xa8\xcav\xdbW\xfe\
\x1c\xbbna\x85\xf8\x9d\xd8\x06|y\xb3g]\x9d\xac\
v\xe2\x8b|\x1ar2\x5cW\x11\xc0 \xc2\x0c\xfd=\
\xc9\x92\x17L\x17\xcd\xbe\x0e\xea\xc5#G\x8eT\xb8\x87\
\xff\xc7\x0elx{hW\x12@\xd0f\xa6\xaeB\x04\
\xf9\xe8\xd7\xf6+\xe7\xcc\xb4\x9f\x89\x8d\xdd\xbbw\xcb\xbd\
\x001\xdbu\xd2\xb5\x040\x99\x22\x817\x22%\x92)\
o\xe8\x98\xdd-k\xd1\x95c\x98\xf5\x7fo\xa9\xd8\x05\
\x9d]O\x00\x93#\x92)\x1f\x17c\xbf\xe1\x8c\xe4\xef\
i\xe8\x9aC\xbd\xae;u\xae0\x04\x10\xa0\x98\xd5\xb7\
 r\x01uR\xdaM2/}$\xff\xb6\xa6\xfd]\
\xdd,\x14\x01L&I\xb4\xdcJ\xfe\x86i3\xeb/\
g\xdf\x80i\x17\xa9.$\x01$\xc1$\xfc~\xa4$\
\xc2\xac\x7fP\xf6\x85\x22\x5c\xe0\xea}\x80P\x92\x95\x86\
\x9f\xacXr\x1asb\xba\xb0+\x80\x13\xf4\xba\xc0\x88\
\x12\xa0\x0b\x92\xd8I\x08J\x80N\xd0\xeb\x82c\x95\x00\
\x81&\xd1\x95\xdbJ\x00WH\x06jG\x09\x10h\xe2\
\x5c\xb9\xad\x04p\x85d\xa0v\x94\x00\x81&\xce\x95\xdb\
J\x00WH\x06jG\x09\x10h\xe2\x5c\xb9\xad\x04p\
\x85d\xa0v\x94\x00\x81%\xce\xb5\xbbJ\x00\xd7\x88\x06\
fO\x09\x10X\xc2\x5c\xbb\xab\x04p\x8dh`\xf6\x94\
\x00\x81%\xcc\xb5\xbbJ\x00\xd7\x88\x06fO\x09\x10X\
\xc2\x5c\xbb\xab\x04p\x8dh`\xf6\x94\x00\x81$,-\
7\x95\x00i!\x1b\x88]%@ \x89J\xcbM%\
@Z\xc8\x06bW\x09\x10H\xa2\xd2rS\x09\x90\x16\
\xb2\x81\xd8U\x02\x04\x92\xa8\xb4\xdcT\x02\xa4\x85l \
v\x95\x00\x9e'*m\xf7\x94\x00i#\xec\xb9}%\
\x80\xe7\x09J\xdb=k\x02\xf4\xf5\xf5\xc5\xfdMz_\
\xadV\xdb\xae\x92>\x06\xa5RI\xbe\x0aoCn,\
/\xdb\xfeFgO\x8f5\x01\xfa\xfb\xfb_\xdcp\xc4\
w;\xc6*\x95JM%}\x0c\x80{\x0c\xd9\xb0L\
NN\xc6\xe5\xea\xec\xb1\xd6\x04\x80u\xb6\xdf\xc0y\xd6\
\xb8n\xe4\x83@\x92_\x1d\xb5&\x80\x84\x02\x09\xe4\x97\
0eS\xc5_\x04\x12\xe5()\x01\xb6\xfb\x1b\xb7z\
\xd6@`\xa4Q[U\x89\x080888\x8d\xd5B\
}\x8d\x1a\xf1\xe6R\xda\x1c\xf4\xd6\xe1\xe1\xe1\xd9$\xc7\
&\x22\x80\x18f\x80=Q\x14\x05\xf5\xadZ\xe2w\x01\
\xe4\x01r\xf3\xfd\xa4q&&\x80\x0c022ry\
oo\xef\xd7d[%\x7f\x04\xca\xe5\xf2WI\xfe\xd7\
\xdb\xf1\xa4-\x02\xc8@\x03\x03\x03\x0f1\xa8|\x07\xef\
 +\xc2!\xf6\xbd\xc0E\xe2q\x95R\xea\x18\x80\xf7\
\x0b\xc8!dPr\xc0\xa99\xc9\xef\x18\x92\xaa\xf7J\
\xdb\x040&X\x0d\xe6\x90\xfd8r\xe1\xd0\xd0\xd0\xa8\
J\xfa\x18\x80\xf7\x85\xc8~d\xce\xe4\xa1\xdd\xbac\x02\
\xb4;\xb0\x1e\xe7\x07\x02J\x00?\xf2\x90\x9b\x17J\x80\
\xdc\xa0\xf7c`%\x80\x1fy8\xebE\xd6\x1bJ\x80\
\xac\x11\xf7l<%\x80g\x09\xc9\xda\x1d%@\xd6\x88\
{6\x9e\x12\xc0\xb3\x84d\xed\x8e\x12 k\xc4=\x1b\
O\x09\xe0YB\xb2vG\x09\x905\xe2\x9e\x8d\xa7\x04\
\xf0$!y\xb9\xa1\x04\xc8\x0byO\xc6U\x02x\x92\
\x88\xbc\xdcP\x02\xe4\x85\xbc'\xe3*\x01<ID^\
n(\x01\xf2B\xde\x93q\x95\x00\x9e$\x22/7\x94\
\x00y!\xef\xc9\xb8J\x80\x9c\x13\x91\xf7\xf0\xef\x00\x00\
\x00\xff\xff\x07\x04\xf7\x17\x00\x00\x00\x06IDAT\x03\
\x00D\xa5ay(\x98\xa8\xf1\x00\x00\x00\x00IEN\
D\xaeB`\x82\
\x00\x00\x0f\x94\
\x89\
PNG\x0d\x0a\x1a\x0a\x00\x00\x00\x0dIHDR\x00\
\x00\x00\x80\x00\x00\x00\x80\x08\x06\x00\x00\x00\xc3>a\xcb\
\x00\x00\x0fIIDATx\x01\xec\x9d\xdb\x95\xd5F\
\x16\x869\x18\xbf\xc3;6t\x06v\x04\x03\x11\x8c\x89\
`p\x04\x83#\x00G\x80\x1d\x01\x9e\x08\x86\x89\x00&\
\x02;\x83\xe6\xf6\xde\xbcsi\x7f\x7f\xad\xa3^j\xb5\
T\xb5w]\xa4\xd3:b\xa9\xd0\xadj_\xff\xda\xb5\
K\xa5\xa3\xbeyc\xfbw\xd4\x16\xd8\x00p\xd4\xee\xbf\
qc\x03\xc0\x06\x80#\xb7\xc0\x91\xab\xbfE\x80\x0d\x00\
Gn\x81#W\x7f\x8b\x00\x1b\x00\x8e\xdc\x02G\xaa~\
\xa7\xf6\x16\x01:K\x1c\xe9~\x03\xc0\x91:\xbeS{\
u\x008==\xbd\xdf\xb2t\x86[\xcb~U\x00\xc0\
\xf1\x0fn\xdd\xbau\xda\xb2\xbc{\xf7\xee\xa7\xb58_\
z\xac\x0a\x00\xdf~\xfb\xed?\xa5T\xcbr\xf3\xe6\xcd\
\xe6<Z\xca?\xa4\xbd*\x00\x9c\x9f\x9f?\x1e*X\
\xfb\x1c\x1e[\x04\xa8m\xd4\x8a\xf4nW\xa45Ej\
\x0e\x1eS\xbc\xab__U\x04\xa8n\x9d\x15\x12\x1c\xaa\
\xb4\x01`h\x91#;_\x0d\x00\x98\x01\xfc0\x97\xef\
\xe6\xe4\xd5Z\xa7\xd5\x00\x80\xec<\x9a\x9c\x91\xbc\xbd\xf1\
\x94\x98\xe1\x99m\xfc+v\xff:\xdd[\x13\x00\xa2\xd3\
\xb3\xef\xbf\xff\xfe\xc4SbN\xfc\xfa\xf5k\x14l\xb1\
\xb6\x87vo5\x00\xc0\xb0\xb3\x0d\x01\xbb\xdd\xee>\xfc\
V\xb1\xad\x09\x00\xabp\xc8\xdcJ\x1c\x0b\x00\xfe\xca0\
lN\x9b\x0c6\xcb6Y\x05\x00\xc8\xca\xa3\x0fg\x08\
\xd9\xaf\xbdfN\xb5\x81\xe7\xb5\x1a\x06\xa6\xf4_\x05\x00\
X\xfc\x89f\xe5$m\xff\x9f2\xc0\xd4\xf5T\x1bx\
F\x93\xce)\xba\x87v}\x15\x00\xc0\xa8\xd1\xac\xfc\xcb\
\x97/\xee\x08`h\xf3\x00\xbe\xd7~k\x0a\x00\x96N\
Og\xb2P\xd4\x19'''\x1f\xbdr\x18\xdaDA\
\xe7\xe57V\x9fa\xe6\xf6\xfb\xf7\xef_\x8d\xdd\xabu\
\xad\x19\x00\xe4|\xc6\xd1\xfb(p\xaec\x94Y\xc5\x98\
\xd97|+\x9d\xa0+\xc7\x9f1\xcc\x9c\xc1\xef\x81\xec\
\xc7\xbe\xc9\xd6\x04\x00(p_\xce\xef$\xd61\xca\x9c\
\x0a\x0c\xdc\x8b\xf6\xd6\xaeMj\x0f\xad\x07\x94s\x95T\
\xddV\xf7;\x9dpP\x95eht\x09:AW\x8e\
\xbfHle?\xecvq^S\x9f&\x00@\x81\xc9\
\xd0\xcf\xbdW(\xaa\xa8\x90e4\xda\x06#a\x84\xa6\
\xa1\x11\xfa\xe6\x0d\x07\xbd@\xael\x9d\xde\xbe}\xfbL\
\xeda8\xa9\x13v\x13(\xa8Rw\xab\x0e\x00ko\
\xe8\x8c\xf6\xe1\xc3\x87\x17\x16\x95\xd4\x03RF\x9a\xa0S\
2\x9fw\xb5\xedtBV\xd3p\x87\xee\xcf\xa5\x13\xeb\
\x18O'd\xbft\x99\xbaU\xa2g\x9fhu\x00\xc8\
\x08}\x06\xa9c\x16h\x1e\xa3\x98B\xf9$\xfa\xb9\xff\
*\xb7\x07 \x8f{\x06\xd0\xc9\x9c\xdb\x16YO\xe9\x08\
\x93QP\xfaPP\xfd\xfcI\xc7\xcb\xb8\x9f\xb4\xd1T\
\xfb\xd4\xf5\xaa\x00\x00\xd1\xa6\xde<!T\x08\xed2\x5c\
\xd7\x83\xd8+\x19:\xa7~6\xf2S\xf3yhOn\
%m\x01OH\x80\xd1!D\x03\xf6\xd2\xe5L\x8e\x87\
a\xb6>\xd8\xf89\xed\xabmU\x01\x00\xa4\xb3\xc6\xf5\
\xbe62\x9cz\x90\x0c\xc5\xbex\xdc3\xcc\xe7\xfb\xec\
/\x1d\x97\xb4\xed\x08\xa1CH~\xd9K\x97\xe2D\x0e\
\x1b{\xa3F'\xca\xe8\xbe\x1a\x00\xd4sG9\xcc\x7f\
\xf1\xf5\xe7\xcf\x9fO\xbe\xfb\xee\xbb\x9d\x8aa>?)\
\xa1\xda\x8aFW\xa8X\xd5\xf8\xd0\xcb\xdaj\xda\xba\x0a\
\x00\x08o\x97\xa6}YZ\x957z\xb2w\xd4C\x1c\
\xf7\xa6\x9c\xdcU\x0a\xd0\xff\x9d\x12\x80EOl\xc2\xe3\
*\xd7\xabW\x14%\xb1yq4\x11\xe5*\x00 \xbc\
M&<b\xa2\x82\xd0\x7f\xb0\xcfN\xc8h;\xba\xe1\
\x88\x9f\xf7N\xf9}\xb4B\xa3\x8bz\xb9D|\xe1_\
\x1b\x08\xaf\xb1\xd5o)\xb1\xb1\xb9\x86\x94T\xb5\xe4\xfd\
b\x00\x80DSBs\xf7\xee]9\xea\xa1\x8cFr\
\xf5KR\xb2t\x85\xd7\xa2\x85#\x04\xact\xedF5\
\xe0\x7f\x02\x08~.%\x8fM~\x95>\x94\x87\xd8\xca\
d\x1f\xf2$\x93\xedc\xb2\x15\x03\x00$&\xa7&C\
\x03\xdd\xbbw\xef7\x14\xdd1V?\x8c\x097u\x8f\
v\x1a\xe3\xb3\xdaN\xd1,\xb9\x0e\x08\xfe\x90>\x994\
B\xa7\xc0&\xcf\xfa\xed\x876\xeb\xdf\xeb\x1d'm\xdf\
\xab;zX\x04\x00=\xc1\x1a\xa5:\xb8(\x03\x0d.\
\x85S\xc6\xea\xd0\x8be<\x14\xb6\x84\xd2\x8f\xaaK;\
K\xdd\xc0c\xce\xff$\x9bQ\x0f%\xaawT\x9f2\
:,N\xd9l\xa8\xcf\x94\x0f\x86\xf5\xa6\xce\x8b\x00`\
y\x82\xa5\xde:\xc5\xbc\x7f\x1d\x85\xd5\xab\x19\xfev\xa3\
!]\x86\xc5Xw\xfam\x0e\xf1Xz \xd7\xe8\x13\
\xc4~\x98\x07\xc4\xc9\x15J\x8b\xed,>@\x9e\xc9-\
\x1b\x00\x96\xa9\x88\x9c\x86\xa2\xae\xde\xca\xf8\xa7\x5caG\
\xdb\x8bq\x95\xe37{\xc3N*rH7\x00\xea\x8f\
\xc8\xd3\x07\xc1h\x98\xa7Nt\xdb\xdb.\x09\x14r\x81\
\xec\xa1 \x1b\x00t\xd5\xf0\x84+\xa6A\x89\xd3h\x1b\
\xc6U\xf5\x02\x8eOb|\x0e\xf1\x9e@\x80\xec\xd10\
o\x91\x1b\x1a\x16\xdd\x1f\x90\x8cgM\x0b\xb3\x00\x00\xe2\
\xf4x6*\xbfzm\xb4\x82\xf1\xe6\xbe\x17\x18k\x1f\
V5dO\xf6\xde\x94\xc4{\x1a\xa3yB\xbf-\xc9\
xr*\xde\xaf\xdf\x1d\xbb\x01\x00\xd2\x92=_\xc4\xaf\
c\xaf\x95\xdc\x87X\x88&\x96\x19\x8f\xd6\x1a\xdc\xd3B\
7\x00,Hcx\x18M\xe4\x0e\xd1\xb8\xd7E&l\
\x9a|8\x84.\xee\x5c\xc0\x05\x00\xeb\x94\x83\xf0\xff\xd8\
\x1a)\x10z\xb1M2\xaa,&\x80\x91\xb1d\xc4\xa6\
\xa6u\x08\xab\x8f:\xd6.\x00x\xa6\x1c\x8a\x14\xb5\x97\
.;\xa1s\xf62\x8cr\x97~\x91\x8c*\xfdk:\
f\x86S\xbc\xaa\x99#\xe3X\x1b\xd9P2\x8e\xdd\x1b\
\xbb\xe6\xf1\x91\xda\xbb\x00@\x83\x97\x14\xf3&\xd4b\xd0\
*\xcf\xac\xcdL\x07\x15\xe1\x1f^A\xf3\x18\x86p\xdb\
\xbd\xe2\x95\x95X\x0dD\xc8>E\xf63\xd9\xd0I\xc0\
\xe5#\x17\x00HF\x1e\x19\xa7%}\x99\x95\x9c\x9c+\
\x8c\xf5/\xb6>V\xcf\xc1\x80\x9a\xad\xb8\x13\xa3N6\
\x80\x10^\xea\x10\xad\xee\xda\x1c{l\xf5\xc3^v\xd7\
\xd4N\xbe\x91\x8f<2\xba\x00 \xc2LK\xde\xc0d\
\xc7\xb1k\x8a\xa30\x86R\xff\xa5]\xf3\x0d>g\x19\
=gR.\xd1\x12\xcd\xc9\x0a\x15o\xc0G\xaf\xbf\xfd\
\xe9!\x89|\xc1'\xf2\x8d\xa7\x9d\xea\xba\x01\xa0F*\
\x80\xe0\x8e\x1em\xea\xd8Q~BA\xf5JG\x13_\
\xd5=}W\xcf1r\x08\x91\xccX7\xab\xda^v\
W\xc4\xc2\x07\xbf\x94L\xb9\xb3\x01 \x0d\xb5\x82\xa5\xb0\
\xa3cO\x91\xa2-\x12-\xd1\xf5\xc8\x91S\xb7\x05\x0f\
l\x91\xd51\xe8\x84;|`\x99\x1eN\xaaZ\x04\x00\
QU\xd8\x91 \x0aC:\xb7\x16\xc6\xd7\x17(^-\
\xc9\xc21\xb3%\x9b5yA\xebOl\xe1\x1d\x1a_\
\xca\xe6V[\xc7\xea\x15\x03\xa0#\xae0\xa4p\xd4\x9d\
[\xf6(\x1e\x92,\x92\x9e\xa2\x90\xbdO\xd2\x8ahX\
\xe4\xed\xd5\xb9\xbd\xe7\xd9\xbb\xe4;\x94\xce8_\xc3\xa1\
\xeb\xcb&\x8a\xb88\xff\x91\x8f\xdbt\xedj\x00\x10\x0b\
\x85#\x04t/\xd9\x92 \x16\xf5^\xa2\x8f\xe9!\x89\
d\xacUJy\xa2\xb3+\xfa\xc1/\x9a\xe8\xe5\xeaU\
\x15\x00\x12\x82!!\xbc\xb4!\x81un,\xae\xb9k\
\x9ff\xcda\xa4O\xd7rL\x0fv?z\xed\xe8\x12\
-\xcd\xef0R\xb7(\xd1\xebx\x8e\xed\xab\x03\xa0c\
\xa2!\x01\x10\x98B\x15Q\xc3l\x8c\x8e~\xb7\xd70\
\xd2\x1d/\xb0we\xec}\xf9p\xaa)y#\xdc\x17\
'z}\xbe\xc3\xe3f\x00\x10#@`JV\x88\x1a\
\xc9\xe5N\xd1\x1b\x16z\xff\xe2\x8fl\xf5\x88y(\x97\
\xe5\x1c\x9d\x93\xcfQ\xe4|\x0b\xad\x92:M\x01P\x22\
\x98\xa5-\xbd\xbf\xe4\xa7h\x16\x16\xc9:\x9eG\xccI\
b\x0bT\xb8\xd6\x00X\xc0^\xabc\xb9\x01`u.\
\xf5)\xd4\x1c\x00\xccwMo\x10\xf9\xc4^Gm\x92\
\xe4\xe8\x0b\xb3s\xd8\xae9\x00R\xaeJ\x19a\xaa\xfd\
\x1c\xc6\x99\xe2=\xbc\xbe\xa4,CY\xbc\xe7\x8b\x03\xc0\
+\xf0V\xbf\xae\x05\x16\x07\x00\x99|\xd6#\x5c\xa6Q\
\xd1\xf0Y\xd7Lqj\xb9\xb2\xa0\xfb\xe2\xc3cs\x00\
\x18\x8c\x93\x05\x80\xb8K\xd6q\xd7`\xbbbE\x9b\x03\
\xa0X\xc2\x8d@S\x0bl\x00hj\xde\xc3'~\xad\
\x01\xc0\xf3\xf4_\x9761\xb3\x98\x8b\xdf0.-K\
\x0e\xff\xa6\x00`\xb5,|\xf9+%\x18\xcf\xf4\xb3\xbe\
\xbb\xcb\xf2\xf3\xa5\xdf\xd4\xa7\xf8\xb4\xb8\xcfzG\xd6\x8f\
`\x98:&\x17\x92\xb0\xdf9\xf5\x9a&\x8a\xcd\x00\x80\
\xf0z\xb1\xd1\xb4\x5cJ6\x1c\xfd\xdc{\xc2qY\x0b\
I\x09\x9a\xa6\xdb\xf4\xfe\xec\x99\xc8\xad[\xb7\xfema\
B\xbd\xd3\xb1\x97O,m-u\xaa\x03\x00\xc4v/\
Oz\xdet\xc9\x8a\x00R\x90\x153\xcb\xef\xe6T\xb5\
z\xa1\xf7[~\xb9;\xc5\xd7\xac3@{B\x87\xd2\
\xdbCS\xb4\xb2\xafW\x05\x00K\xa3O@\xac\xfb\xed\
\x9e\xcf\x9f?\xbb\xdf\x22\xeakL\x041\xad\xad\xf7\xdb\
\x94\x1e\x97\xf2\xcc\xd1Y \xa0$\x87\x0e\x8fn\xd5\x00\
\xc08~\xca\xd2\xa8\xf7+\x96\x7f\xd1\x83w\xccw\x93\
k\xe31\xa5\xee\xde\xbd\xab\x8f*\x15\xd1\x88\xd1\x1f\xb9\
\xf7q\xcfs\xe4\x96\xed\x92t\x96\xee\xf4n\xef0\xf2\
J\xb6\xb6qI\xd7*\x06\x00!?\xbc\xd8I\x8fp\
%+(\xfe\x08\x03\xe8K\x1ai)\x0d5\xa0U\x14\
E\x0c,.\xaa\xd4\xe4\xa5a\x04[\xb8f\x12\xb25\
\x91@\x09b\xf1C\xb4\x22\x00(9!\xe4\xbb^n\
\x94\x151\xe0\x0e\xc5\xb3\xdf\x03\x14\x8d\xb1\x22\xbac\xd7\
k^k\xc1\x03[\x84\xaf\xa1x\xe5\xc4\xf6g\x0c\xbb\
E3\xa1l\x00\x80\xc03\x90\xeb}\x1b7|\x15\xcc\
\xab\xa8\xa7\xfe\xdeA-\x86\x83\xf0\xb2\xabG\x16o\xdd\
\xbd\xec\xae\x8e\xc1\xb0\xfb\xb4dHp\x03\x80\x90\x9f\xfb\
\xc3\xc5\x1fQp\x96\x8c\x1d>w\x08\x93\xd5\x12C\xd1\
\x12M\xafCs\xea\xc3\xc7\xfd\x03\x5c\xe4\x0b\xc30\xbe\
q\x0d\xc3\x92\xcf\x05\x00z\xbd\xfb\x87\x8b0\x09=\x87\
\xa4\xa7\xff\xd5,.\xb7\xdd\x94\xa4aL}m\xcc\x9b\
d\xf5\x05\x0b\x11K\xb4\xfa\x17[\x1fc\xab\xf0\x1b\x00\
\xf8\x5c\x89d\x5c\x9b\xdc\x18\x12\xf4\xcc\xc0\xf5\x9e\xa4\x0b\
\x00pvMA@\xa6\xbe\x08:[r\x86|W6\
\xc6\xd7\xf0\xfdA\x86+s\xa2\xa5G\xcc\x02\x0fe\x96\
\x88uE\xe8\xfd\x05\xf8\xbb#\x19z\xba\xde\x94v\x01\
@\x86\xd9\xcb\x96\xdc1\xcf=\x99\xbb\xe7\xc4\x84\x02\x08\
!\xd1\xc2\xa8\xe1k\xdf\xdaKF\x15\x1d\xf7\xcb!<\
b\xeet\x91\x0d%cw\x9e\xda{|$Z.\x00\
X\x0d\xa3\x9e\xaf0&\x06\x87\x5c$\xa3\xca!\xcb(\
\xd9$#65\xad9X}$\xba*.\x00\xa8\x01\
%\x19\x16\x09C\xde\xd9\x01d\xb7-f\x01l\x9a\x0c\
\xed\x9eH\xd1\xf1r\x03\x80P\xa9\xc5\x97dr\xa2\x84\
\xb1c\xb2\xed\xcb,`\x9d\xe6)Rx9\xb9\x01 \
\x06F\xa4e\x7f\xbeT<\xba\xc2\xd4\xa6\xf8iWG\
k\xee=\xb2\xbb\xa7ec2\x12\xfe\x93t\xe8\x98\xfa\
l\xcfX\xf3\xe8\xb5,\x00\x804E\x00E\x82(q\
MK\xa2\x15\x227\x89 \xe1]\x02h\x9cY{@\
\x84\xdc\xec\xb7$3\xb2\x87?\x18\xc5q2|O\x09\
H\xdb\xe4\x93V\x86\x87\xec\xa9n\x16\x00$,\x88K\
\xe6\x02\xd4\xbb\xed\xed\x05z\xb4\x89\xf3\xb5\xf4y\xf1.\
\x81z\x00\xd7\xdc\xab\x8c\xf0_d\x93\xac\x92\xb9c\xce\
q\xf8\xec\x1c\x8f\xce]st\xd9\x8e\xb6\xa1\xf7w\xb4\
\xc6\xf6\xccp\xb2\x97\xa5\xb3\x01 A,S\x0e\xf5\x02\
\xd5\x8d\x15\x14\xd5;\x04\xa9\xef\xf9\xa9\xce\xb9\xea\xc6h\
-yO\xb2\xe1|\x81wt\xd8\xa2\xa7>\xd6}K\
\xaf\x96\x1e\x16\xdbY| ZS\xa5\x08\x00\xd6)\x07\
\x0a\x8f\x86@\x8cq\x11\xe6\x11\xd0\xf4\x90\x09\xa3\x14/\
\x80\xc0\xab\xfaF\xe42\xbf\x0b\xa1^\x8d\xee\xe7*\x80\
fT\xef)\x9b\x0d\x05\xb7\xfa`\xd8\xae;/\x02\xc0\
\x9eHr(@\xe1K\xa1\x0fc=\x93\xf2\xb4\xbf\x08\
\xf3\x1c\x9b7-\x80\xec\xdb\x9b\xdb\xb4\xaa\x88\x03Cd\
B&\xef\xbb\x10A$\x00\x1d\x22\x1f6\xb94u\x1e\
\xda,T\x1e\xfcG2\x9e\xb4\xfd\xa0\xc9\x95\xd3b\x00\
\x90\x0b$\x93Aqe\xfc{\x8e\xd3\x82\xb2\x18\xeb\xa9\
\xae\x95\x16\xe8\xa9\x17e\x81\xa8\x94\xb7\xda\xc3_k#\
Ur\x13l\x22\xfb\x04}\xb0\xd5\xa5\x0e#^c\x85\
d\xdcd\xfb\xb1\xb6\xdd\xb5b\x00\x88\x10HL>\xef\
g\xfc\x13\xc2G\xc3\x9dh\x14\x940\x8c\xc8\x19\x054\
\x5cM\xc5\x8b\xa2\xb1\xbe\x89>\xd8jt\xc8\xec\x0b\x89\
\xcd\xb3\x13\xbf>\x9d*\x00\x00\x89\x1f\x11:{*\xd2\
\x17\xa8\xe0\xb8\x03\xc2\xb9u\xfc\xf4\xf0\x82f\xf8\x98c\
C\xc7\x9b\xc5\x91\xad\xb1y\x15{W\x01\x80$/\x99\
\x8a\xa8}\xcd\xa2\xf1S\x8eR\xd1\x18\x9dK[mE\
C\x05\x9a\xde\x8f9\xe6\xb2M\xb6\xabi\xebj\x00\x90\
\xd4\x18\xa9\xc6K\x18\x1f\x09o\xe1\x8f-i/\xba%\
\xe5\x9bo\xbe\xc9\x0e\xd3%m;\x99\xa5\x03y\x92\xfe\
H\xa6\xfe\xc2\xa8\xbb\xd7vt\xba=66-\x0au\
\xf5S\xfb\xaa\x00\xd0\xd2e\x8aa\xe4~x\xf9\x02c\
\xdd!\xbc\xe9I\xe3\x0d\xed9\xd7#N\xd7kR}\
\x1e$W\xff\xe8\x9f{\x8eK\xda\xc2'\xe8#\x1d8\
\x96.\xe1O\xdf\xed\xf5\xc9N\xde\xb0\xb1\xf9\xbd\x06\xf1\
M\x95\xaa\x00\xd83sMMv\xbb\x9d^\x1a\xd1\x1a\
\xfdd;\x8c\xf6\x88\x9e\x94\x95\xf40^fG\x80\xdc\
\xb6\x92\x15\x99c\xfa\x84\xbf#\x88\xee\xae\xde\x8c<U\
\x9d/\x7fU\x07\x00\x8a\x9b\xd0\xad'X\xd4\xdd\x81h\
\xbd\xd3/Y\xa2\x85\x9e\x14^\x93\xca0\x82\xe7\x17J\
C\x19\x5cm;\x9d$\xeb\x90\xd0\xd89\xba_\xf9#\
\x99c\xf5\xbak\x8c\xfd.\xc0t\xedb\xfb\xea\x00\x10\
3z@lZ\x18\xd0\x9f\xfb\x04KF\x10p2\x80\
 \xd1\x9a\x14zr\x88b\xa5:a\xb7\xc9\xa8\xc1\xbd\
\xac\x08\x98R\xb8\x09\x00\xe8\x01\xc3i\xe1Eb\x87\xf3\
L\x11\x22%x\x07\x84V\x86I\xf1\xd7}\xf1F\x1f\
s\x14S\x9bX\xc1n!o\x10]\x00~\x910\xea\
\x98{\x17\xe71\x1a\xde{M\x00 !p\x90\x10\xfb\
\x1ae\x94\xd1\xdfA\x81\x90\xd8\xe9^\xcd\x02\xdd&\x86\
\xb1\xc8\xd8\x8a\xb7\xe8\xca~\x02\x97\x9c\xafc\x8b<9\
u\x9a\x01@\xc2\xa0\xc0C\x94i\xe2x\xd1\xef\x95\xe8\
,A\xf3\xf9^]\xd3\xa1\xa1M\x95H\x96\x12\xa6\xa5\
\xf3\xc5\xbb)\x00\xc4`\xa6\x12uF\xce|\xde\xd0&\
\x0a\xbaR\xbd\xe7j\xbf\x0a\x000\xcc\xfc/f\xb0\x9c\
\xf9|\xaa\x0d<\xff\x13\xe3y]\xee\xad\x02\x00\x0c3\
\xd1<\x80q\xd4\xfd, \xd5\x06\x9es\x0cm\xcdq\
\xb4\x0a\x00\x18\xac\xe4\x9a\xcf\xef\xe9\xe5\xb4\xd97\xbd>\
\xbbc\x01\xc0\xf5\xf1\xc8\xcc\x92\xae\x06\x00\x84\xec\xe80\
P\xd9\xae\xb3\xfe\xd0\xb5\xb2\xec\x97\xc8\xad\x06\x00$m\
\xd1\xac\x9c\xf5\xfcSO\xb9d\xa5\xc1\x09\x8f|\xa3I\
\xe7\xa0\xfaA\x9f\xae\x06\x00\x9f>}\x8af\xe5\xbb\xdd\
\xee\xbe\xa7\xc4\xbc\x06\x00\xa2\xd3\xceX\xdbC\xbb\xb7\x1a\
\x00\x90\x95\xcf\x16\x96\xe1\xd5\x0c\x00s\x03d5\x00\x98\
\xdbpk\xe1\xb7\x01`-\x9e\xcc\xd4cm\x00\x98\xe3\
\xe1\xcc\x1c<2\xdd\xe9o\xb6*\x00\x90\xe4Eg\x02\
~\xf3\x5cm1\x07\x8f\xab\x5c\xdb]Y\x15\x00\xc8\xce\
\x9bO\xcfR\xb3\x8dv\xaejCyU\x00`\xe9\xf4\
%\x8b4'-\xcb\x9af\x00\x82\xd4\xaa\x00 \x85p\
\xd0\x9b\x96E<\xd6TV\x07\x80\xeb\xea\x9c\xa5\xe4\xde\
\x00\xb0\x94\xe5\x0f\x84\xef\x06\x80\x03q\xc4Rbl\x00\
X\xca\xf2\x07\xc2w\x03\xc0\x818b)16\x00,\
e\xf9\x03\xe1\xbb\x01\xe0@\x1c\xb1\x94\x18\x1b\x00\x96\xb2\
\xfc\x81\xf0\xdd\x00\xb0\xb0#\x96f\xff7\x00\x00\x00\xff\
\xff.W\xe0\x1b\x00\x00\x00\x06IDAT\x03\x00\xd4\
\xe2ajd\xb3\x93\xce\x00\x00\x00\x00IEND\xae\
B`\x82\
\x00\x00\x04[\
\x89\
PNG\x0d\x0a\x1a\x0a\x00\x00\x00\x0dIHDR\x00\
\x00\x00\x80\x00\x00\x00\x80\x08\x06\x00\x00\x00\xc3>a\xcb\
\x00\x00\x04\x10IDATx\x01\xec\x9aMr\x9b@\
\x10FEn\xe0\xbdE\x85\x9bXG\xc9\xcdr\x13\xfb\
&q\x89\x0b\xe4\x00\xaaR\x98\x8a\xd9`\x01b\x98\xa6\
\x7f\xe6\xa5<!\x06\xa6\xa7\xfb}\xaf\xac,\xfc\xe3\xc4\
\x9f\xaa\x09 @\xd5\xf1\x9fN\x08\x80\x00\x95\x13\xa8|\
|~\x02 @\xe5\x04*\x1f\x9f\x9f\x00\x08P9\x81\
J\xc7\x1f\xc7\xe6'\xc0H\xa2\xd2+\x02T\x1a\xfc8\
6\x02\x8c$*\xbd\x22@\xa5\xc1\x8fc#\xc0H\xa2\
\xd2+\x02T\x1a\xfc86\x02\x8c$*\xbd\x22@e\
\xc1O\xc7u+@\xdf\xf7\xef\xc3\xba\x1bY\xefS\xb0\
^\xbew+\x80\x17\xc0\xd6\xfbD\x00\xeb\x09\x09\xf7\x87\
\x00\xc2\x80\xad\x97\x17\x11\xe0z\xbd\xfe\x91\xfel\x1e\xc0\
\xbe\x0d\xcb\xca\xd7\x9b\xf4\xbc\x89\xa9\xc4\xb0\x22\x02H4\
JM\x19\x02\x08 \xc3\xd5MU\x04p\x13\xd5\xbeF\
\xe7v#\xc0\x1c\x99J\xee#@%A\xcf\x8d\x89\x00\
sd*\xb9\x8f\x00\x95\x04=7\xa6\x88\x00m\xdbv\
\xe7\xf3\xb9\x99\xae\xb9&\xc6\xfb\xd3\xf7\xa3~?\xce;\
w}4wb:\xf7\xfe\x9e\xfb\x22\x02\xeci\x88\xbd\
\xc7\x12@\x80cy\x9b;\x0d\x01\xccER\xb6\xa1\xb5\
j\x08\xb0F(\xf8s\x04\x08\x1e\xf0\xdax\x08\xb0F\
(\xf8s\x04\x08\x1e\xf0\xdax\x08\xb0F(\xf8s\x04\
\x08\x1e\xf0\xdax\x08\xb0F(\xf8\xf3\x10\x02\xa4_\x97\
ZZ\xb9\x19.\xd5L\xcfr\xeb\x1e\xb1\xef\xd93B\
\x08\xd04\xcd\xcf\xa5\xf5,\x8c\xe9{K5\xd3\xb3\xe9\
\xfb\x1e\xbf\x0f!\x80G\xf0VzF\x00+I(\xf5\
\x81\x00J\xe0\xad\x1c\x8b\x00V\x92P\xea\x03\x01\x94\xc0\
[9\x16\x01\xac$\xa1\xd4\x07\x02(\x81\x97:vk\
]\x04\xd8J,\xd8\xfb\x08\x10,\xd0\xad\xe3 \xc0V\
b\xc1\xdeG\x80`\x81n\x1d\x07\x01\xb6\x12\x0b\xf6>\
\x02\x04\x0bt\xeb8\x08\xb0\x95X\xb0\xf7\x11 H\xa0\
\xb9c @.\xb9 \xfb\x10 H\x90\xb9c @\
.\xb9 \xfb\x10 H\x90\xb9c @.\xb9 \xfb\
\x10 H\x90\xb9c @.\xb9 \xfb\x10\xc0y\x90\
{\xdbG\x80\xbd\x04\x9d\xefG\x00\xe7\x01\xeem\x1f\x01\
\xf6\x12t\xbe\x1f\x01\x9c\x07\xb8\xb7}\x04\xd8K\xd0\xf9\
~\x04p\x1e\xe0\xde\xf6\x11`/A\xe7\xfb\x11\xc0i\
\x80\xa5\xdaF\x80R$\x9d\xd6A\x00\xa7\xc1\x95j\x1b\
\x01J\x91tZ\x07\x01\x9c\x06W\xaam\x04(E\xd2\
i\x1d\x04p\x1a\x5c\xa9\xb6\x11\xa0\x14I\xa7u\x10\xc0\
Yp\xa5\xdbE\x80\xd2D\x9d\xd5C\x00g\x81\x95n\
\x17\x01J\x13uV\x0f\x01\x9c\x05V\xba]\x04(M\
\xd4Y=\x04p\x16X\xe9v\x11\xa04Qg\xf5\x10\
\xc0I`Rm\x22\x80\x14Y'u\x11\xc0IPR\
m\x22\x80\x14Y'u\x11\xc0IPRm\x86\x10\xa0\
i\x9a\xdfK+\x17\xdeR\xcd\xf4,\xb7\xae\xa5}!\
\x04x}}\xfd\xb5\xb4r\x81/\xd5L\xcfr\xebZ\
\xda\x17B\x00K@\xbd\xf5\x82\x00\xc6\x13\x93n\x0f\x01\
\xa4\x09\x1b\xaf\x8f\x00\xc6\x03\x92n\x0f\x01\xa4\x09\x1b\xaf\
\x8f\x00\xc6\x03\x92n\x0f\x01\xa4\x09\x1b\xaf\x8f\x00\xc6\x03\
\x92n\x0f\x01\xa4\x09\x1b\xaf\x8f\x00F\x03:\xaa-S\
\x02\xf4}\x7f\xafa\x1d\x15\xee3\xe7\x98\x12\xe0\x99\x86\
y\xa7,\x01\x04(\xcb\xd3]\xb5\xa3\x05\xb8\xb8#t\
p\xc3\xb7\xdb\xad;\xf2\xc8C\x058\x9f\xcf\x1f\xc3p\
\x7f\x87\xc5\xd7\x03\x02\xf7\xfb\xfd\xb3\xeb\xba\xcf\x07\x8f\xc4\
n\x1d*@\x9ab\x90\xe0%]Y\xdf\x09\xb4m\xdb\
}\xbf+{\xe7p\x01\xd28\x83\x04M\xb2=\xfd\x9b\
u:%\x16\x89\x89\x06\x0b\x15\x01\xd2\xa0\xc9\xf6\xaf\xcf\
\xbb\xf4\xb1\x90n\xd5\xb8>\x06\x06/\x89\xc58\xfc\xd1\
W5\x01\xd2\xa0\xe9\xf3n0\xff2\xac\xa6\xd2u\x19\
\x18\xa8\xfe\x9fHU\x80$\x01K\x97\x00\x02\xe8\xf2W\
?\x1d\x01\xd4#\xd0m\x00\x01t\xf9\xab\x9f\x8e\x00\xea\
\x11\xe86\x80\x00\xba\xfc\xd5OG\x00\xf5\x08\xfe7\xa0\
\xf57\x02h\x917r.\x02\x18\x09B\xab\x0d\x04\xd0\
\x22o\xe4\x5c\x040\x12\x84V\x1b\x08\xa0E\xde\xc8\xb9\
\x08`$\x08\xad6\x10@\x8b\xbc\x91s\x11@9\x08\
\xed\xe3\xff\x01\x00\x00\xff\xff\x8e\xb4a}\x00\x00\x00\x06\
IDAT\x03\x00\xee\xa0\xad\x1f\xcf\x1b\xcfT\x00\x00\
\x00\x00IEND\xaeB`\x82\
\x00\x00\x09\xb7\
\x89\
PNG\x0d\x0a\x1a\x0a\x00\x00\x00\x0dIHDR\x00\
\x00\x00\x80\x00\x00\x00\x80\x08\x06\x00\x00\x00\xc3>a\xcb\
\x00\x00\x09lIDATx\x01\xec\x9d\xd9Y\xe48\
\x14\x85\xabX\xde\xe1\x9d\xad2\xe8\x89` \x82\x81\x0c\
\x98\x08\x1a\x22\x18&\x02\xe8\x08\xe8\x89\x002\x80\x0cz\
2(\xb6wxg\xebs\xdc\xa5\xfeL\xe1\xd2bK\
\x96d\xdd\xfe\xacva\xcb\xd2]~]\xc9\xf2\xb64\
\x92\x7fE[@\x00(\xda\xfd\xa3\x91\x00 \x00\x14n\
\x81\xc2\xd5\x97\x08 \x00\x14n\x81\xc2\xd5\x97\x08 \x00\
\x14n\x81B\xd5WjK\x04P\x96(t-\x00\x14\
\xeax\xa5\xb6\x00\xa0,Q\xe8Z\x00(\xd4\xf1Jm\
\x01@Y\xa2\xd0\xb5\x00P\xa8\xe3\x95\xda\x02\x80\xb2D\
\xa1k\x01\xa00\xc7\xcf\xab\x9b\x0d\x00\xd3\xe9t\xed\xe1\
\xe1\xe1\xf4\xee\xeenz\x7f\x7f\xffn\x99\x1e\x91\xef\x02\
\xc7\xec\xcf+.\x7f\xff\xb2@\xd2\x00\xdc\xde\xde\x9e\xc0\
\x81\x95\xb3WVV\x1e\xdf\xdf\xdf\x8f\xc6\xe3\xf1\xce/\
\xd1\xad\xfe_C\xae}\x1cs\xa1\xca\xc1\xfa\x07`r\
)\x03E\x0cwI\x0e\x008h\x17\xa9r\xfa\xd2\xd2\
\xd2?\x01L\xff\x050UQ\x04\x11\xe5<@\xf9Y\
\x15\x99\x0c\x00pz\xe5xX\xef\x0a\xa9\x97\x05\x11\xe5\
\x10\xf5\x12\xb6\x8b^*L\xb0\x92\xe8\x00 \x1c\xaf\xd1\
\x09\xb0Mo\x8eG]\xf3\xcb>e`\x973\xbfc\
\xe8\x7fG\x05\x00F\xbfB8~L\xc5\xc8\xecr \
\xd3;\xa1LE\xa6\xd0rD\x01\x80\x06\xa6\xa1\xa1\xdc\
.Rr\x0b\xa1D48JN\xb0\x00\x02\xf5\x0e\x00\
N\xc9\x0ei\xe0\x00\xbax-\x12\xd1\xa0:\xe5\xf4Z\
h\xc4\xc2\x16U\xdd+\x00hU'8%\xeb2\xf2\
~\x82\x22G///\xeb\x9b\x9b\x9bcSB\xbe=\
\xe4\xbfDj\xb5@\xd6\x1dD\xaad\xba\xa8VJ\x18\
\x0e\xea\x0d\x00\x9er\xa1U\xb59\xad\xbb\x86#\x95\xc3\
\xb9\xfe6\x99L\x08\x82A\xb5\xd1\x08\xf9\xae\x01\xc9\x01\
R\x05\x0b\x1czf<\xe8s\x065H\xfd\xbcg\x00\
[z\x01\x80\xce\xe7)\x97\x8b\xbd\xe0\xac\xef3\xc7\xed\
\xc1\x91V\x0e7\x95\xbf\xb1\xb1q\xcc2\x01\x14#\x83\
)\xfb\x87\xfd\x88\x04\xef\x1f6\x0c\xe4\x8f\xe0\x000\xec\
\xbb8\x1fyo\xe8$8\xeb\xefP6\x06P\x8c\x0c\
\xe3\xb7\xb7\xb7c\x97:\x00\xc1\xe0\xba\x83\xa0\x00`\xc0\
\xb7\xef\x12\xf6\xd12\xff\xd8\xda\xda\x9a\xb88\xa5K\xde\
\xed\xed\xed3\xc2\x862l#\xcc\x1at\x9a\x22\xff`\
\x96\xa0\x00 \x8c[\xcf\xb0\xd1\x11h\x99\xff\xc7\xb0,\
\xea^\x87\xacV\xe3\x03\xe4\xdbAT\x1b\xcc)b0\
\x00\x10.\xad\xfaL\x15\xf2c8\xbe^'\xba\x9cc\
t\x09\xff\xd6\xb7-\xfa\x8d\xa8v\xca\xb9\x8cE\xfbs\
\xda\x1e\x04\x00\x0e\xfal\x8c@\xe7\xf7\x19\xf2M2\xa1\
K8\x81L\x07\xa6|\xdc\x9f\xc3\x5c\x06\xe54%\xef\
\x00\xb0e\xc0\x88\x87\xa6\x8a\x91\xe7&%\xe7+y!\
\xd3%\x22\x81\xd5\xe0\x10]\xc1\x89:.\xd7\xb5w\x00\
l[\x06\x0c\xdd\xdb`\xcf\xd59\x88\x04g\xe8\xeb\x8d\
c\x02t\x05m\xe65\x5c\xc5\x09\x9a\xdf+\x00h\xfd\
_l\xa4\xc5\xa0kl\x93/f\x1e\x8e\x09P\xbf\xf1\
\xec\x00c\x9d\x98W1!b\xb7\xc5+\x00h\xfd?\
L\xe2\xf0T\xcf\x94'\x95\xfd\x00u\xddB\x96$/\
hY\xc8]e\xf1\x06\x00Z\xbf\xf16+\xf6\xfb\xb1\
N\xf5*m[\xfcg3\x1e\xc89\x0ax\x03`y\
y\xd9\x18\x0aS\xee\xf7\x17\xb1\xc1\xf1\xc0\xa2}\xb5\xed\
\xd9F\x01o\x00`\xd0d\x8a\x00\xd75\x83\xe5\xf6\xd3\
x\xed\x00Q K\x08\xbc\x00\x80\xe9Q\xe3i\x1f\xfa\
S\xa3\x11S\xa5\x02\xb2\xdb\xc0k=\xeb\xd9\x87\x9e\xb6\
ux\x01\x00\xad\xffTW!\xfb~\xdd\xfeL\xf6\x99\
\xa6\x7f\xd72\xd1\xe3\x83\x98^\x00@\x89Z\xe5__\
_\x83]\xd9C\xdd\xbd,\x88\x02\xdfz\xa9\xa8\xe7J\
|\x01\xa0\x15\x1b#\x7f\x9b\x10\xaa-#\x87\x9d\x18\x07\
|\xcdA\xce\xba\x8c\x9d\x01@\xff_\xcccW\xe8\xea\
\xb4\xb3\x83\xe8\xeaL\xddD\xdd\xf6I\xfc\xee\x0c\x00\xa6\
C\xff\xd2i\x02\xa3}\xd7\xed\xcfi\xdf\xf3\xf3\xb3\xf6\
j!t5\x9d\x09%\xa7ng\x00@\xbd6\x02\xc0\
h\xff%\xa7uK\x81\xd0\x95\x19\xa7\x86[\x16\x1d\xed\
\xb0\xce\x00@r\xed\x00\x10F+\xa2\xff\x87\x1d\xb2\x5c\
|\x00\x90\xa5\xe2C\x15\xdaU/\x01\xc0\xd5b\x03\xcb\
/\x00\x0c\xcc\xa1\xae\xea\x08\x00\xae\x16\x1bX~\x01`\
`\x0euUG\x00p\xb5\xd8\xc0\xf2\x0b\x00\x03s\xa8\
\xab:\x9d\x01\xc0D\xd0\x8d\xae\xd2\x92\xa6\x8auvH\
u_g\x000\x15\xac\x9d\xe8\xc1\xfe?SU\xdeU\
\xae\xe9t\xaa\x9d\xf4r-\xcfg\xfe\xb6eu\x06\x00\
\x15k\x01@\x84\xc8\xee\x02\x09tj\x5cVWWM\
\xb7\x81km\xd1Xh\xe4\x8d\x9d\x01\xd8\xd8\xd8\x18\xcc\
\x5c\xbf\xc9\x17&\x98\xb1?\xbb{\x06:\x03`2\x1a\
\xf7\xe3:y\x96\xf7\xcbQv\x97\xb4\xb5\xb5\xd5\xfam\
$.\xf5\xf8\xcc\xeb\x0b\x00\xd3U\xb2,\xef\x97\xab\x1b\
\x1a\x83Y\xe3}\x8f\xf5\xfc\xb9\xfc\xf6\x02\x00\xae\x83\x9b\
\xfa\xf9\xec\x07O\xd0Q\xfbn#\xec\xcf\xf2\xbe\x07/\
\x00\xd8\x8c\x03\xd0\x0d\x18\x9f\x1bH\xb5\xd5`\xf4o\xbc\
\xd1\x036\xc8\xf2\xbeG/\x00\xcc\x1cg\xea\x06\xb2\x1d\
\x07\xac\xac\xacLg:\x0en\xe5\x0d\x00\x9bg\xfe\x10\
\x05\xb2{\xc7\x8eM\xdf\x8f\xd1\x7f\xb4\xd6\xdf\x95Ho\
\x00L&\x13\xed\x8c\xe0LP\xber-\xabH\x80\xbe\
]\xdb\xf7S/\x8c\xfe\xb3\xec\xff)\xbb7\x00X\x18\
\x92\xcd\xd3?\xd9\x8c\x05l\x22V\xce\xad\x1f\xfe\x1ay\
\x05`ss\xd3j&\x0c\x86\xb5z\x7f\x10\x05\x8c\x95\
\x1e\x1e\x1e\xf8\xb4\x93\xf1\xec%\xe7\xd6O\xdbz\x05\x80\
\x05b,`\xf3L\xfd\x08}k\xb2\x03+\xbe\xfa\x05\
-\xdbtj;\x82\xae\x13\xea\x9cs\xf2\x0e\x00\xc6\x02\
<\x1b0F\x02\xf4\xad;)B\x80\xe8\xb4\x8b\x0bX\
\xa69\xff\x11\x00\xb9\x81\xae6\xe3\x9e\xa4\xf9\xf0\x0e\x00\
\xb5EW`3\x16\x18\xa5\x06\x01[>\xe4\xb7\x1a\xa3\
 \xf4g\xdf\xfa\xa1\xab\xdf1\x00\x0bT\x09\x10X\xbd\
\x07\x88\x10\xa0\xd5E\x1f\x13\xa0\xcf?\xb7i\xf9\xd4o\
\x08\xa1\x9fz0\x05\x89\x00,x\x96\xac\x22\x01\xf3\x12\
\x02\x9b\x197\xe6\xf5\x9dP\xf7#BzVs\xfd\xbe\
l\x10\x14\x00D\x81\xeb\xb7\xb77\xed\xf3tuE8\
\xe3\xd6\xe7\xb8\x00!\xff\x08\xceg\xf41\x8e\xf6\xe7\xe5\
\x8c\x05k]\x0e\x1f\xbf\x83\x02@\x01\xb7\xb7\xb7\xf9\x91\
\x08\xeb\x89\x12\xd5%0$\xf3\xf8\x10\x09N\xaf\xbeP\
\x86\x90\xcfS\xbdVU\x10\xd6!@\x10\x1c\x00Z\x97\
\x17J\xe0Xk\x08x\x0cC2\x1c\xc5O\xbay\xfb\
\xd0#Z|\xf5!J\x94o5\xd0C>\xed2\x04\
\x08z\x01\x80V$\x04.\xdd\x01\x8f\x99\xa5\xdf\x1fz\
d\xf7\x00(\xbe\xa2\xe5Y\x85l\xe4eK\xff\xfd\xd5\
P\xb4x\xe3\xe9\xdd\xacN\xebU\xee\x10\xf4\x06\x00-\
\xca\xee\x00-\xdb\xeae\xcc\xcc?\x9f\x10ExY\xf6\
\x0cF\xe77\x81\x19\x1d\xb4\x09\xc7\xb3\xa5k\x1f_G\
\x9e\xce\x0b\xe4\x01\x93S\xca\xd6\xb9\xac\xbe\x0b\xe8\x15\x00\
*\x87\xf3\xe7K\x0c\x0e\xadN\x11\x99?V\xe2\xa9\x1e\
\x93m\xfd\xb9B\xd0;\x00\xca\xa0\x84\x00\xd1 \xc5\x99\
\xb4'\xca\xc6Y>\xa6\xa1C\x10\x0d\x00\x82\x80h0\
q10\x8f\x09\x9c\xf6\xe0\xfc\x0f\xd72R\x83\xc0\xb7\
\xfeQ\x01\xa0240\x8c>F4\x88vS\x05\x07\
\xa7\x94\x01\xa9\xf1\x1a\x06et\x015\xa7\xee :\x00\
\x84\x80\x09\xd1\xa0\xfaL\x9c\x8b\xa1y\x5c\x97\xa4\x1c\xcf\
\xc1\xa9\xa9\x9c\x96\x10X\xbd>\xdfTw\xc8\xfd\xc9\x00\
\xa0\x94\xa4\xa1\xd1\x12\xab\x0f=\x06\x8a\x0a\x97\x80\x8c\x1f\
\xa0\x1c\xdb8^\xc9\xc55e\xc3\xb1\xd6\x17\x81\x10\x09\
8\x87\x914\x04\xc9\x01@C\xab\xa4\xa2\x02\x81\x80\xe1\
\xd7\xd9b\xb1\xaf1Lc\xfb\xa2\x85\x0fk\xb0o\xaf\
\xa0BY\x07p$/Y/\xca\xaf\xdd\x8eco \
\xcb` H\x1a\x80\xba'`\xf8'\xb6X8\xb0\xee\
L\xe5T\xdd\x9a\x9f\x8eu\x85\xa6^\xf5\xa7\xdf\x90e\
0\x10d\x03\xc0'/D\xde0\x14\x08\x04\x80\x0e \
\x0d\x01\x02\x01\xa0\x03\x00<\xb4/\x08XW\x88$\x00\
x\xb0j\xce\x10\x08\x00\x1e\x00`\x11m \xe0\xd5J\
\x1e\x1b3\x09\x00\x1e\xad\xef\x0a\x01\xaa\xbe\xc2%\xee\xa8\
\xb7\xa2\x09\x00\xf0\x82\xcf\xc5\x15\x02\x5c\xe2>\x8f\x09\x81\
\x00\xe0\xd3\xfb\xb3\xb2r\x82@\x00\x989\xcd\xf7*\x17\
\x08\x04\x00\xdf\x9e\xaf\x95\x97\x03\x04\x02@\xcda!~\
v\x85 \x84L\xf52\x05\x80\xba5\x02\xfdN\x19\x02\
\x01 \x90\xd3\xe7\x8bM\x15\x02\x01`\xdeS\x01\xffn\
\x03\x01\x9fe\x08(R\xb8\x87CC\x0a\x9ds\xd9\xae\
\x10\xf0Y\x86\x90\x10H\x04\x88@SJ\x10\x08\x00\x11\
\x00`\x95\xa9@ \x00\xd0\x1b\x91R\x0a\x10\x08\x00\x91\
\x9c\xaf\xaa]\x04\x81\xda?\xbf\xf6=&\x10\x00\xe6-\
\x1c\xe1\xef\x98\x10\x08\x00\x11\x1c\xdeTe,\x08\x04\x80\
&oD\xda\xe6\x0a\x81\x0f1\x05\x00\x1fV\xf4X\x86\
-\x04|F\x82\xb7\xc9w\xadZ\x00\xe8j\xc1\x00\xc7\
\x9b \xf0\xe5|\x8a.\x00\xd0\x0a\x09\xa6E\x10\xf8t\
>\xd5\x16\x00h\x85D\xd3<\x04\xbe\x9dO\xb5\x05\x00\
Z!\xa14/\x8a\x82 \x84\xf3Y\x97\x00@+$\
\x9e\x08\x81\x8f\x01_\x93\x9a\x02@\x93U\x0a\xda&\x00\
\x14\xe4\xec&U\x05\x80&\xab\x14\xb4M\x00(\xc8\xd9\
M\xaa\x0a\x00MV)h\x9b\x00P\x90\xb3\x9bT\x15\
\x00\x9a\xac\x12a[\xac*\x05\x80X\x96O\xa4^\x01\
 \x11G\xc4\x12C\x00\x88e\xf9D\xea\x15\x00\x12q\
D,1\x04\x80X\x96O\xa4^\x01 \x11G\xc4\x12\
C\x00\x88e\xf9D\xea\x15\x00\x22;\x22v\xf5?\x01\
\x00\x00\xff\xff\xd8\xc80&\x00\x00\x00\x06IDAT\
\x03\x00\xdc\x5c\xfa.\x8d\xc3\xbec\x00\x00\x00\x00IE\
ND\xaeB`\x82\
\x00\x00\x06\xce\
\x89\
PNG\x0d\x0a\x1a\x0a\x00\x00\x00\x0dIHDR\x00\
\x00\x00\x80\x00\x00\x00\x80\x08\x06\x00\x00\x00\xc3>a\xcb\
\x00\x00\x06\x83IDATx\x01\xec\x9d\xedq\xd4H\
\x10\x86\xed\xad\x0d\xe0\xee\xbf\xd7\xb62\x80\x0c\xb8\x0c\xee\
2\xf0e\x00\x11\x1c\x17\x01d\x00D\x00\x19\xe0\x0c \
\x03y\xbd\xfe\x0f\x01lyy\x9bZ\xc1\x94,K=\
\x9a\xaf\x96\xe7\xa5vJ#i\xbe\xfa\xedg\xa7{\xed\
\xb5X\x9d\xf0_\xd5\x0a\x10\x80\xaa\xdd\x7frB\x00\x08\
@\xe5\x0aTn>w\x00\x02P\xb9\x02\x95\x9b\xcf\x1d\
\x80\x00T\xae@\xa5\xe6wfs\x07\xe8\x94\xa8\xf4H\
\x00*u|g6\x01\xe8\x94\xa8\xf4H\x00*u|\
g6\x01\xe8\x94\xa8\xf4H\x00*u|g6\x01\xe8\
\x94\xa8\xf4H\x00*s|\xdf\x5c\x02\xd0W\xa4\xb2s\
\x02P\x99\xc3\xfb\xe6\x12\x80\xbe\x22\x95\x9d\x13\x80\xca\x1c\
\xde7\x97\x00\xf4\x15\xa9\xec<\x18\x80\xddn\xf7\xe2\xee\
\xee\xee\x1d\x8e_noo\xdb\x1a\x8b\xd8\x0e\x0d\xde\xb4\
m\xfbbi\xfc\xcc\x06`\xbb\xdd\xbe\x86\xe1\x07\x18\xfc\
\xf9p8\x5c\xe1\xf8\xec\xf4\xf4\xf4\xb2\xc6\x22\xb6C\x83\
\x97\xeb\xf5\xfa\xb3h\x220\xe0\xda\x22^\xb3\x00\x90w\
\xf9j\xb5\xfao\x11\x16\x16X\xa4\xc0  \x14\x98\xfa\
\xd1)\x1f\xbb\xe1\x0d\x808_\xde\xe5\x8f\x0d\xc8\xeb\xbf\
\x15\x00\x04\xdf~\x9f\xd9\xacy\x01\x80\x18\xf7s\x8b\xb7\
i\x8a\xc9U\xfd\x01\x08>\x9a\x5c\xd9qQ^\x00 \
\xc6\xb5\xc7~<\xe8\x15\xf8\x1bo\x9cg\xfa\xe6y[\
z\x01\x90wiOg6\xbcq\xbeX\xb5\x86\x00d\
\xf2\x0cB\xc1!\xd3T^\xd3\xa8\x01\xc06v96\
22\xdf\x9b\xfd~\xdf\xd4X`\xfb\xbfc\xdat\xf7\
\x00\x81\xb9|@\x0d@g\xc4\xd8\xb1i\x9a\x9b\x1a\xcb\
\xf9\xf9\xf9{\xe8\xf2\x15e\xeae.\x1f\x88\x0a\xc0\x94\
\xf5O\xf9\xfef\xb3y\xae\xb1/w>0\xb5&\x02\
0\xa5\x90\xc7}@p\xaai\x8eP`&\x1f \x00\
\x1a\x8fy\xb4A>\xf0\x8f\xa69 0\x91\x0f\x10\x00\
\x8d\xb7<\xda \x1f\xf8\x84\xe6\x8b\xc9\x07\x08\x00\xbc\x15\
\xfb\x85P\xb0\x98|\x80\x00\xc4\xf6\xfeq<@\xb0\x88\
|\x80\x00\x1c\x1d\x96\xe2\xb0\x84|\x80\x00\xa4\xf0\xfcq\
\xcc%\xe4\x03\x04\xe0\xe8\xacT\x07\x84\x82\x22\xf9\x80\xd6\
\x1e\x02\xa0U*\xa0\x1d 0\x9b\x0f\x10\x80\x00\xc7\xfa\
t\xb5\x9a\x0f\x10\x00\x1f/\x06\xb4\xb5\x9a\x0f\x10\x80\x00\
\xa7\xfavE(0\x97\x0f\x10\x00_/\x06\xb6\x07\x04\
\xa6\xf2\x01\x02\x10\xe8\xd09\xdd-\xe5\x03\x04`\x8e\x07\
\x03\xfbX\xca\x07\x08@\xa03\xe7vG(H\x92\x0f\
\xf8\xae\x87\x00\xf8*\x16\xb1= (\x9e\x0f\x10\x80\x88\
\x0e\x9d3T\xe9|\x80\x00\xcc\xf1Z\xc4>\xa5\xf3\x01\
\x02\x10\xd1\x99s\x87B((\x96\x0f\x10\x80\xb9^\x8b\
\xdc\x0f\x10\x14\xc9\x07\x08@dG\x86\x0cW\x22\x1f \
\x00!\x1e\x8b\xdc\xb7D>@\x00\x22;1t8\x84\
\x82Y\xf9\xc0\xdcy\x09\xc0\x5c\xe5\x12\xf6\x03\x04\xd9\xf2\
\x01\x02\x90\xd0\x91!C\xe7\xca\x07\x08@\x88\x97\x12\xf6\
\xcd\x95\x0f\x10\x80\x84N\x0c\x1d\x1a\xa1 y>@\x00\
B\xbd\x94\xb8? H\x9a\x0f\x10\x80\xc4\x0e\x8c1|\
\xca|\x80\x00\xc4\xf0P\xe21R\xe6\x03\x04 \xb1\xf3\
b\x0d\x8fP0\x98\x0f\xf4\xc7\xf7}\xfe\x00\x01\xe8+\
X\xd99\x01X\x88\xc3\xe5\x01\x9d\x9a\xa5\xca3\x9a4\
\xed\xba6\x04\xa0S\xc2\xf0\x11\xce\xbf\xd2<\x9d\x15m\
\xde\xcb3\x9a|L!\x00>j\x15j\x0b\xc7\xbe\xd3\
L}vv\xa6zZ\x99;\x16\x01p\xd50X\xdf\
\xedv\xaa\xe7\x09!IT\xfd\xbc\xa0o\x22\x01\xe8+\
b\xe8\x1c[\xbf\xea\xd1\xbc\x88\xfb\xaaO\x08C\xa6\x11\
\x80!U\x0c\x5c\x83\xf3Uq\x1fK\xfd\x84\xb8\xafy\
&\x11\x9a>|\x11\x80\x87\x9a\x98\xb82\x15\xf7\xbbE\
b\xebW=\x95\xack\xdf?\x12\x80\xbe\x22\x06\xceS\
\xc7}\xd7D\x02\xe0\xaaa\xa0\x8e\xad_\x15\xf7\xb1\xd4\
\xbfP\x82_\x04 X\xc2x\x03\xc0\xf9\xda\xb8\x7f\x8d\
\xad\xff:\xc6\xcc\x04 \x86\x8a\x91\xc6\xf0\x88\xfbQ\xde\
\xfd\xb2l\x02 *\x18(9\xe3\xbek.\x01p\xd5\
(T\xc7\xd6\xaf\x8a\xfb\xda\xef\x05\xf8\x98A\x00|\xd4\
J\xd0\x16\xce\xd7\xc6\xfd\xaf\xc7\xef\x05D]\x05\x01\x88\
*\xa7\xff`\x1eq\xff\xe7O\xfb\xfcg\x18\xefA\x00\
\xc6\xf5Iz\xb7T\xdcw\x8d\x22\x00\xae\x1a\x19\xeb\xd8\
\xfa\xb5q\xdf\xfb7|>f\x10\x00\x1f\xb5\x22\xb5\x85\
\xf3Uq\x1fI\xdf\x0d\xe2\xbe\xfc\x7fD\x91f~8\
\x0c\x01x\xa8I\xf2+\xda\xb8\x0f\xe77\xa9\x17C\x00\
R+\xdc\x1b\xdfB\xdcw\x97D\x00\x5c5\x12\xd7\xb1\
\xf5\x9b\x88\xfb\xae\x99\x04\xc0U#a\x1d\xce7\x13\xf7\
]3\x09\x80\xabF\xc2zh\xdcO\xb54\x02\x90J\
Yg\x5ckq\xdfY\xda\x09\x01p\xd5HP\xc7\xd6\
o.\xee\xbbf\x12\x00W\x8d\xc8u8\xdfd\xdcw\
\xcd$\x00\xae\x1a\x91\xebV\xe3\xbek&\x01p\xd5\x88\
X\xd7\xc6\xfd\xfd~\xffg\xc4i\xbd\x87\x22\x00\xde\x92\
Mw\xc0\xd6\xaf\x8a\xfb\xf7\xf7\xf7\xaf\x9a\xa6\xf9>=\
b\xba\x16\x04 \xb2\xb6p\xbe:\xee_\x5c\x5c\xbc\x8d\
<\xbd\xf7p\x04\xc0[\xb2\xf1\x0e\xb1\xe3\xfe\xf8l\xe1\
w\x09@\xb8\x86\xbfFXJ\xdc\xff\xb5`T\x08\x00\
D\x88\xf1\xc2\xd6\xbf\x98\xb8\xef\xda\x1b\x15\x80\xb6m/\
k,\xdb\xed\xf6%\xb6\xfeKW\xd8\xa1\xba\xfc~\xdf\
B\xdcw\xd7\xa6\x06\x00\xd9\xea\x8d\xdb\xb1_\x17\x01\xd6\
\xebu[cY\xadVo\xfaz\x0c\x9d\xe7\xf8\xfd\xfe\
\xd0\xbcc\xd7\xd4\x00\x8c\x0d\xc2{\xd3\x0a\xe0\xf3~3\
\xdd*\x7f\x0b\x02\x90As|\xde\xff\x7fj\x07\xcd\xb0\
\x8c\xc1)\xbc\x00\x00\xc5I\xbe\x9a<\xb8\xb2'r\xf1\
\x18\xf7_[5\xc7\x0b\x00P,\x0f\x22\x90b\xd5\x1e\
s\xeb\x9a\x1b\xf7s\x19\xe2\x05\x80,j\xb3\xd9<\x17\
\xaa\xa5\xce2\xae\x00\xb4\x9a\xf5\xdc\x9e\xf1Q\xe3\xde\xf5\
\x06@\xa6\x17\xaa\x11\xd7^I\x9deP\x01\xf9\xf3m\
\xf3\xce\x97\x95\xcf\x02@:\xca\xe7Y!\x5c\xf2\x02|\
\x04\x94\xef\xae_\xcb\xcePk\x11\x0dP\xaeD\x13\x94\
h\x7f\xbe-Z\xa7,\xb3\x01\xe8\x16%y\x81<\x9f\
N\x8c\x96\x9d\xa1\xd6\x22\x1a\xa0|\xe8tY\xca1\x18\
\x80\xa5\x18\xcau\x0e+@\x00\x86u\xa9\xe6*\x01\xa8\
\xc6\xd5\xc3\x86\x12\x80a]\x8a]\xcd=1\x01\xc8\xad\
\xb8\xb1\xf9\x08\x801\x87\xe4^\x0e\x01\xc8\xad\xb8\xb1\xf9\
\x08\x801\x87\xe4^\x0e\x01\xc8\xad\xb8\xb1\xf9\x08\x801\
\x87\xe4^\x0e\x01\xc8\xad\xb8\xb1\xf9\x08\x80\x11\x87\x94Z\
\x06\x01(\xa5\xbc\x91y\x09\x80\x11G\x94Z\x06\x01(\
\xa5\xbc\x91y\x09\x80\x11G\x94Z\x06\x01(\xa5\xbc\x91\
y\x09\x80\x11G\x94Z\x06\x01(\xa5\xbc\x91y\x09@\
aG\x94\x9e\xfe\x07\x00\x00\x00\xff\xffi\x19\x94\x9b\x00\
\x00\x00\x06IDAT\x03\x00d\xc8\x9eL\x0d2f\
\xed\x00\x00\x00\x00IEND\xaeB`\x82\
\x00\x00\x02:\
\x89\
PNG\x0d\x0a\x1a\x0a\x00\x00\x00\x0dIHDR\x00\
\x00\x00\x18\x00\x00\x00\x18\x08\x06\x00\x00\x00\xe0w=\xf8\
\x00\x00\x01\xefIDATx\x01\xc4\x95\xefM\x02A\
\x10\xc5\xef\x0c\x05\xe8w ^\x07\xd0\x01t\xa0%\xd8\
\x81V`\xac@;\xb0\x04\xec\x00:\x80\x0e\xce\x00\xdf\
\xb1\x00\x92\xf3\xfd&\xbb\x93=\xee.x$D\xb3\x8f\
\xdd\x99\x9d7og\xff\x9c7\xd9\x95\xff\xfe_`\xb7\
\xdb\xcd\x84\xa5P\x9d`]\x96\xe5\xe4\xdc\x06tV\xa0\
d$\xae\x94`)\xcc\x84\xd36\x19\x0c\x06k\xc5U\
\x12\xba?\x9d\x8cv\xab\xc0~\xbf\x7fW\x00\x89\xd5e\
?Y\x96\xcdG\xa3Q\x9e\xa2\xaa\xaaG\xf9\xadI\xa8\
\x0c\x1c\xb3\xd3\x9f\x86\x00\x81\x22?\x87 \x12\xdf)\xf1\
*\xd8\xde\x8d\xc7\xe3/\xf9\xf3\xe3\xf18\xc5\x09\x07.\
\xe3\x145\x01J%\x90\x00\x11[\x133\x97\xa2(\x8a\
\x0d\xb1\xf8\xe0j\xcbj\xdbY\x13\xa0T\x02E\x98\x8a\
\xc8\xd6`:D\xb6\x83vG\x18\x84\xd8y0\xe3\xd6\
\x9a\xe9\x02Z\xbd\xdf\x08\x1166\xdb\xe3G\xdb\xc56\
\xda\xa2\xb4\x10\xaf\xc2\x05\xb4\xfaO\xf2\xa9L?<\xec\
\x9e\x88\xdc\xd7\xc8s\x019\xac\x02\x0eO\xe3\x8bZ\xa8\
\x02n\xb3\x02\xbc\xd7@Z\xc15\xf2g\xbd\x04\xb4\x05\
\xf6\xd8\xfa\xac$\x15\xe0\x16d\xe9\x0d\xe8\x93\x88\xd8\xed\
v\xfb@/\xf8-L\x05\xde4A[\xf0\xd3\x06\x89\
\xb7\xbe\x83\x18\x9b\xe7\xb9q\xf5\x8e\x9e\xa2\xcf\x05T\xbe\
U\xa0\x89[%\xf2[ \xfbO\xad\xeb\x1d\xb9@\xc8\
\xe2\xafQ\x84\xdb\xe0\xf3N\x8bh=\x03b\xf5\x8e\xd6\
\x04j\xf5\x05}DM@\x09V*\xf3\x83I\x11\x0e\
\x22\xda\xdb\xc0\xee\x02\xd5\x12\xcb<\x5c}\x05\xbe\x19G\
\xd4\x04p\x0e\x87\xc3\x17\x02\x19\x8bh\xdf\xfb\xe4\xf0p\
\x1bH,\x1cd\xd8\xb7\x07\x0e\x5c\xd9\xb5\xd6\x10`\x96\
\xc0\xb4T\x91\x17Jf\x07\x1c{\xc5\x918n\xe3\x1c\
\x8e|\x8d\xd6*@\x14\xa5j\xcb\xe2\xf7\xde\xaf\x1ds\
\x01\x5c\x0a\xfe_p.\x8c\x83\xbb\xdeu\x0a\xc40\x09\
m$4\x15H\x94\x82\xe4\x9d\x89#\xff\xac@\x0c\xbc\
\xb4\xff\x05\x00\x00\xff\xff\x1f\xfaF\x0c\x00\x00\x00\x06I\
DAT\x03\x00\xb6&\xe61\xebA\x14*\x00\x00\x00\
\x00IEND\xaeB`\x82\
\x00\x00\x0f\xa6\
\x89\
PNG\x0d\x0a\x1a\x0a\x00\x00\x00\x0dIHDR\x00\
\x00\x00\x80\x00\x00\x00\x80\x08\x06\x00\x00\x00\xc3>a\xcb\
\x00\x00\x0f[IDATx\x01\xec\x9d\xddy\xd4\xba\
\x16\x86\x93l\xb8O\xee\x81$\x15\x9cC\x07\xa4\x03R\
\xc1\x86\x0a\x80\x0a\x80\x0a\x08\x15\x90S\x01\xe9\x80\x9c\x0a\
\xa0\x83$\x90\xfb\xe4\x1e\xc8\xec\xf7\xf3ce\x9b\x89-\
-\xc9\x92\xed\xc9\x98g\x16\xb2-YZ?\x9f\xd6Z\
\x92\x9d\x99\xad\x8d\xf9\xdfZk`\x06\xc0Z\x9b\x7fc\
c\x06\xc0\x0c\x805\xd7\xc0\x9a\x8b?{\x80\x19\x00k\
\xae\x815\x17\x7f\xf6\x003\x00\xd6\x5c\x03k*\xbe\x13\
{\xf6\x00N\x13kZ\xce\x00XS\xc3;\xb1g\x00\
8M\xaci9\x03`M\x0d\xef\xc4\x9e\x01\xe04\xb1\
\xa6e4\x00\xbe\x7f\xff~\xf6\xe3\xc7\x8f\xc5\x9a\xea\xeb\
\xde\x89\x1d\x05\x00\x19\x7fsssOZ\x98A -\
\xac>\x99\x01\xd04\xbe\x13{\x06\x81\xd3\xc4\xea\x94\xcb\
\x9c\x9a\x00\x80\xa1\xbf\xba\x99\xbf\xdc\x01us8XV\
\xca\x0a\x9d\x07\x01\x80\x81\xbf\x22\xcf\x7f\xa1\xce\x0fmf\
\x10tjg\xda\x15^\x00\xe0\xf6\x9f\xc3\xbe\xd7\xf8\xd4\
W\x9f\x19\x04\x95\x1aV\xee?/\x00\x9e<yr\xb2\
X,^Z\xa5\x9aA`\xd5\xd4t\xday\x01 6\
\x01\xc1\xf1\x0c\x02i\xe2~R\x10\x00\x12\xfb>\x80\xe0\
\xec\xecl\xef\xf2\xf2\xf2\xef\x8b\x8b\x8bw\x94\x9f\xf0V\
_D\x849\xedkT\xc7\xba\x0e}P\x1b\xda?\x93\
\xec\xf7\x9dL\x00\x90\x12V\x01\x04\x18m\x1b\xa3\xbe\x82\
\xbeB\x8b&=x\xf0\xe0\x0cOv\xbc\xb5\xb5\xf5\x96\
\xf2\x052\xc9\xc0\xcf\xea\xd5Mu\xac\xeb\xd0k\xb5\xa1\
\xbd@\xf1G\x1f\xf4w%\x800\x8e)/b\x8c\xc9\
\x7f\xcc\x00\x90$S\x03\x01\x06y\x06}\x86*Ca\
\xb4+\xf8<\x82J\x19h[\x00a\x9c&\xc0>\xaf\
\x02 \xd0I\xeb'\x0a\x00\xeaal\x10h\x06:\x83\
\xc3\xcf\x17H+\x15\x8a\xd1>\xcf\x1b\x80\xb8\x02\x0c\xf2\
&\xa31\x13;p4\x004\xc0\xd0 h\x1a}\xb1\
X\xbc\x16\x0f\x13\xa5m\xc0P\x85\x0e\xe5\x16\x80\xa1\xda\
6\x9f(\xaf\x15[I\x00\xd0\x9d\xa5A \xe51\xd3\
\xaf l>i\xa3K\x1dwH\xb9\x05`P\x82\xb9\
\x00\x0c\xca9\xee\xb4\x99\xc2\x85d\x00\x88\xf9\x92 \xd8\
\xdf\xdf?g\x0c\x11\xc5j\x7f\x00\x83V\x1d\x0b\xad.\
\xa6&I/\x00H\x98\x92 x\xfc\xf8\xf1S\xc6\xf8\
\x06\xdd\x8b\x8fV\x17\xf2hS\xf2\x08\xbd\x01 \xcb\x94\
\x06\x011 \x87'\xb8\x86\xd7Sf\xe31\xe5k\xfa\
<\xfc\xf5\xeb\xd7AMOU\xea\x1a\xf5/nnn\
\xde\xd3\xe6\x14\xd2=\x14y?\x8cQy\x04\xc2\x5c\xa9\
\xd5\x8a\x99\xe1,\x00\xd0h%A@\xdf\xfb\x18\xc7\x04\
\x82\xba\xddk\x0c\xba\x8f\x07\xd9l\xd0\x0e\xc7\x07\x8f\x1e\
=zI\xf9\x91>O\x083\xa75}S\xa9k\xd4\
\xffoww\xf7\x1dm\x0e \xdds\xdb\x07}>\xad\
\xc1!\x91{\x139\xc2W\xbc\xc1Y\xef\x8ezt\x90\
\x0d\x00\xe2\x01\x05\x16\xdb6\xa6\xef.\x10\x9c\xca0\x18\
\xab2\x94\xdaq\xfc\x11\x83\x9a\x00#\xbe\xadD\x9f\xdf\
jpTc1\xee\x0e\xb3Y\x1e\xc5\xda\xc5\x9dv\xdc\
\xbf\xa7\xb0@~Pdusg\xc0\xa5\x0bY\x01\xa0\
\xbe1\xc01\xb3\xb0\xc8\x03$\xfav \x90\xd1\xdd\xec\
<\x90a4\xf6\xd0\xc4\xb8\xd7x\x0cy\x94\x0a\x10\x18\
3\x19\x0c\xe4\x07\x1f\x04\x84\xa1e\xc8\x0e\x00\x09\x80\xa1\
\x8a\x82\x80\x19.\xa3\x17\x89\xcf\xe2?\x95\x1c\x18\xf0\x0c\
\xfb\xa9}\x08\x04\xe4\x06\x83\xed\x1f\x14\x01\x80\x84/\x09\
\x02\xf5?e\xc23\x9c\x03\xd2\xca+\xe0\x0d\xa3C\x11\
\xb9\xc1\x19\x9b_\x9f\x86\x90\xb1\x18\x00\xc4\xbc@\xa0\xd2\
JB\xbf\xb5\xed\xaa\xb4C\x07U2\x1a\x0b\x04\xda\xbf\
@\x1fz\xb6QT\xd4b\x00\xc0\x8d\xe9\xc9\xdc\x22\x96\
{\x84\x8e\xbe'v\x8c1\xda\x0b\x08\x09\xa1!I\x87\
1\xf2\x15\x01\x00\xc6\xdf\xc3\x8d%\xa3\xf7\xbe\x82\xc0\x85\
\x06\x96\x92ob\x8c$}H\xa71\xf7X\xdbf\x07\
\x80\x18\xc5\xf8\xbd\xd7\xb6\x12\xda*Dj;\xf1*J\
\xbd?\xf5>\x96\x92G\xca\x11\xb8\xdf\x9c\xc8J\xa7%\
x\xcd\x0a\x001(F\x11,\xcb'\x17\x08H\xa8\xfe\
\xa6\xaf\xea\xc1\x12e\xf5\xee\x80J\xf1*\xd2q\x93\xb4\
9\x03\x15\x7f\x80\x03\x08v\xf0\x06\xdau4\xe9K\xbc\
J\xc7\x96\xc6\xd66\xd9\x00 \xc6\xc4\xa0u`k;\
\x19\xc6\xda\xb6\xd9\x0e~\x14?+\xa3\x93Pi}\xbe\
\xdd\xac\xf7\x1d\xb3\x9e\xdf\x83\xaa\xedZ\x8dO_\xc5\x96\
ex\x83w\xe4\x06;>~\x9au\xd2qN~\xb2\
\x01@\x8c5\x19\xf5\x1c_\x83|\xf4\xbb)\xa3x\x9a\
\xfd[%#\xfc{\x16>\xa2\xfd\x17\xf8Q\x0eb6\
\xba\xafW\xfa\xaa\x1e\xeb\xe6T|s<r\x83J'\
\x5c3\x85\x04\xf1\x93\x8b\x97,\x00@\xe1\xa6\xcc\x1d\xab\
\x1fc\xfc\x0a\xed\xda4\xd19B\x9b>\xd61\xd4\x19\
c\x1c0\xeb\xa3\xd7\xdf\xba\xd7GR<\xa1\xa1w~\
\xd35\x06|K7']\xf5\xcd\xeb\xe2\xa5y\x9ez\
\xdc\x1b\x00V\xc3(\xd6\xc9\xe8MFu^\x0a\x04Z\
v\x95\x00\x01\xfcV{\xf7\xcc\xc0,\xde\xa5\xa9\x0f\x1d\
\x03\x82C\xe9J\xc7!\xb2\xea\xde\xd7O/\x00Xg\
\x03\x86x\xa9X\xd7\xc6\xc8*\x82@r0\x03\xaf\x00\
A\x91\xdc@\xba\x1a\x0a\x04\xc9\x00\xe0\xe9\xd5;\xcd\x06\
)\xc3G\x8b\xc5\xe2\x90\xd9\xe8\x8d\xf7+\x0c\x020p\
V\x12\x04\xa6\xfd\x02<\x81^\x8e\xf5\x99\xa1\xb3.\x09\
\x00H\xbd\xc7\xd3\xab\xb7\x9d\xbd\xd6\x15\xa0\xf8\x0d\xc67\
\xc5\xb4\x81A\xa0\xb7\x8c\xf4\xce\x80{!\xe4\x000\xeb\
urS\x12V\x8bW\x15x\x02\xd4qV$\x1c\xe0\
\x09\x8e\xd0\xa1e\x99\xa8\xd7\xe3\x93\xdeFN\x02\x80\x84\
\xae\xa4\xf7\xfc'\xc6%\x80\xa7\xc9\x9d\xaa\xd2  \xbe\
V\x0fh(\x9fBzg\xc0\xbd\x10r\xca\xd8o\xb8\
V=b\xc6k\x99\x1fgK\x08\xf4\xa1\x15\x87\x0e\xb3\
\x13:\x94\xa7\xf5z\xd0z\xd0\xca\x0b\xd4\xc7\xe6\x22\x1a\
\x00\x96\xb8\x8f\x02\xcf\xc5\xb8\x99\x8bFC\x0c\xf1\x92\xd9\
h\x11\xb8\xba\x0b\xf7gZ\x81T\x8d\x8d\xff\xe1\xb5\xb4\
Z\xd9D\x0e3\x10\xe0\xa3\x18\x08\xa4\x13x\x09\xaej\
\xe0!Z\x17Q\x00\xc0\xf8/0N(\xe6]\xa3\xc0\
\xe4\xe7\xe1\xb2\x91\x04f\x9cQA >\x90\xa3\x02\x02\
\xc7\x96\xd0\xa0\x8d\xa7$7L\xff\xc1\x0f\xbc\x98t\xaa\
\xdc,\xd8Y\xa3A\x14\x000J\xf0\x19\xb5\xdch\xa3\
\xff\xe4\xc3\xa9\x80@\x02\xd42)o\xd0\xa9\x8f\x92\xdc\
\xb0\xaf\xc3f\x1d|l6\xcf\xdb\x8e-\xb9Y\xf3>\
3\x00\x98\xfdg\xcd\x1b\xdb\x8e\xd9\xd24\xa1\xb4\xed\xde\
\xb6k\x13\x03\x81\xe9\x15\xf5\xd8\x19\xd8&w\xe0\xdaA\
\xa0~\x83P`\x0eG&\x00\x90\xe6jo\xdc\xeb\xfa\
\xf1\x0eGli\x06\xe3T\x88\xf9\xe5\xfa\xa9\x81 \x14\
\x8bcg\xe0\xb2\xbc\xa1s\xbc\xc0i\x88\x07\xfa0\x87\
#\x13\x00\xc8r\x83\xb3\x1fC\x99\xd6\xac0\x17\xfd\xa1\
\xef\xd1\x13C\xc7\xb4%\x163\x03\x8b\xe5\x02\xe2\xc3\xc2\
\x03\xedL\xe1(\x08\x00\x8bK\x03\x95\xc1\xd8\x04C\xbd\
>\xa0>j\xad\x8d\x11\xa23\xe2\x08\x06Cn\xf8s\
D_\xa9MC<l\x10\xb6\x83\x8f\xb4\x83\x00\x08\xb9\
4\x5c\xbf9[O\x95\xb4\xbe/\xfa\xcf\xc0K\x81\x00\
\xc0\xeb\xaf\x86j\xb6Z\x8b(\xb0\xb6\xf6\x10\xb8X\xf3\
p\xbb:ik\x8em\x82I\xbb\x17\x00\x96\xd9/\xf7\
\xdc6\xf8T\xae\x95\x02\x01\xca\xd5\xce\xe1\xa8bZ\x92\
\xee\x90\x0d\xbd\x00\x08\xcd~\xdc\xb2y\xa3\xa4\x8f\xa6H\
B{\xc5\xd4\x12 \x00\xf8\xde\x9c\x07\x9e\x8b\xff\xdd\x1f\
I\xb7<\x80\xd7\x1b\x85l\xd8\x09\x00K\xfc \x19\x19\
\xc4\xfd\x93\x84\xfe\xa7\x0f\x80to\x09\x10\xa8\xdf.B\
\xf1\xd1!\xab\xab/\xdfuBA0\x17@\xf6\xce\x09\
\xd4\x09\x00\x5c\x9c7~\x0c5\xfbk\xe1;\x05\xa8\xeb\
M\x05\x8a(\x99\x18\xfe\xc1\xc3_\x7f\xfd\xb5\xfb\xc7\x85\
\xb2'^/\xc0\xd0\x9d+\x82V\x00\xe0\xbe\xbck~\
:\xdc\x18j\xf6k,([R5\x14\x08\x98 A\
\x1d\x22W\x96\x8f\xc5\x0b`\xd3V\x1d\xb6\x02\x00\x97\xfb\
!\xc0\x99bO\xa0I\xbe\xea\xdc\xca\x1c\x08\x04\xad\x0a\
\xcf\xa7\x95\xb8\x9e\x1e>|\xd8j\xd3V\x00\x80\xa8\xc3\
@\xf7\x83\x0aG8\xca\xbe\xc38\x00\x08\xb2\xf3\x1c\xb0\
\x89\xb7\x9a\xa4\xb55ao\x05@\xdd\x93w\x96\x93$\
\x06w\x07\xeb~z\x17%\x00 \xa6J\x82\xa0\x14\xcf\
\xe2\xbbI:\x0e\xd9\x02\x0f\xda\x09\xc6N\x00\x84\xd6\x98\
\x088X\x8cC\xc8P\x92C\x93\xb4O*\x08P\xba\
w\x97\xed\xe6\xe6\xe6\xffi\x1c\xc5\xdf\x15\xb2\xc5\xef\xdf\
\xbf;W\x0a\x9d\x00\xa8\xd7\x98^nP\x9e\xf9\xa9\x93\
\xb7\xa3@\xe5\xcf\x9f?\x8b*\x139\xa2W\x07(\xdd\
\xbbJ\x22I6\xbd\x0a\x17\x10=X\x0d\x10\x83\x9e\x18\
[\xc6{\x00\x8d\x8c\x17\xd0{\xea:\xec\xa2m\xb2\xcb\
!6<:\x05\xe8b,\xf6z,\x08|n5v\
\xec>\xed\x01\xa2\xd7\x13cC\xef#\xfaN\x0f \xa6\
@\x8e\xf2\x00\x91N[\x89\x15\x83~Q\xa4\xb5n\xd5\
.\xc6\x80\x80\x19\xee\xbe\xaef41C\xb3_ \xc5\
\x86\xde\xc9\xe3\x05\x80$\x0b!Hm.//[\x97\
\x18\xaa\xcbH\xc5\xf2\x80&\x8f\x99@P\xfc\x0b\x9f0\
~\xf0\xf5<b\xbf^bi\x8aw\xe78\x08\x00\x10\
t-$\xdd\xb9\xb3q\x81\xfa\xd7\x84\x82\xa2KC\x80\
\x18Z\x9a68\xeaw\xd8\x17\x04,\xa3?\xf6\xe3 \
|7\xae\xdf\x9b\x83`\x93s\xd9.\xd4S\x10\x00\xea\
@\xeeN\xa5\x8f\x08\x05E\x13B\x8b0>\xfeb\xeb\
RA \xc5\xc7\x8e\x15\xdb\x9e\xd9\x1fL\xfc,6\xd3\
\xb8&\x00\xa8!\xcb\x1a\xef\xd3/\xb5Ai\x9d{\xce\
\xaa\xcf@\x9d\xcb\x99\x0c}\xdf\xe9\x02y\xcc\xab\x03)\
\x5c\xc6Wy\xa7\xa3\x8c\x17\xf4x\x97\xd9\xbf\xe7\xeb\xd2\
b+w\xbf\x19\x00\xbb\xbb\xbb\x96\xe7\xdf\xcf@\xa7w\
}\xec\x06N)q\xad\x83\xe4\x01M\xdebA\xd0\xbc\
7\xf71a\xd6\xf4\x17YF[U\xec\x99\x01\xa0\xd6\
\xc4\xe1\xd0\xb2p\x03t~\x12\xa3j_\x82,<\xe4\
\x1e7\x06\x04\xb9\xc7n\xf6G\x98\x0d\xba\xfeX\xfdD\
\x01@q\x18\x03\x07=\x81\x85\xd1\xa6`1\xc7V\x1e\
b\xfa\xb4\xb4\x1d\x1b\x04\x96\xf1q\xfd\xef\xa5\x1f\x8b<\
\xaeM\x14\x00t\x13\x0f\x15\x94\x0bx\xf7\x06\xd4\xce\xc2\
\xb0\xda\xa5\x90\x95\x87\x94\xbe}\xf7\x94\x94)0n0\
\xc1V\xfe\x81\xeb\x7f\xe7\xeb\xa7\xad.\x1a\x00\xea\x84X\
\x1c\x0c\x05jWRaV\x1e\xc4GN*)S\x1b\
\x9f\xe4Tr\xfb\xc1%vj\xf2\x99\x04\x001J\xac\
\xf1n1\xaa\x8d\x08\x85\x05\xd1\xabv)\x04\x08\x8a\xbf\
\x8e\xde\xc6\x172\x99W\x07m\xf7[\xaf\xc9\xf8\x84\x5c\
\xefV\xaf\xfa\xb2\xdaBm\x97)\x19\x00\xc4\x9asb\
\x8e\xc2\xc1r\x9f\xcb\xe7\xfa+\x95b\x0a\xabA\x10\x0c\
I\xcbL\xf5=/\x0d\x02\xab\xf1e\x03\xd9\x22U\x9e\
d\x00h@b\xce\x11\x085\xbd\x18ZRa\x80\xa0\
\xf7\xf7\xf6K\x9eX*%\x93\xcf\xf8K<\x9e\xc8\x06\
K\xd7\xa2N{\x01@#\x91\x90\xbdT\x02\xa2\xe3\x10\
Ia\xa5\x96\x88\xe2\xa3\x8f+\x0c\xf1\xdeU/\x99\xba\
\xeaR\xae\xab?&U\xd0\xedK\xe7\x00\xbf\xf7\xf6x\
o\x00H\xc8:\x011\xb9a-\x11/..\xa2\xb3\
U\x8d\x13\x22\xb9B\x94\xb2\x89[\xb4|\xadJ\xa8;\
s\xbd\x8cfn\xdc\xd1\x90\x89a\x0e\x952~\xad\xf3\
\x8e\xde\xec\x97\xb3\x00@\xc3\xa1x\xad\x0cL \xd8\xda\
\xdaz+7\xa7\xfbJ\x10nQ\xbf\xf9\x13\xf5\x0d\x1f\
}\xf9\xe8\x03\x02\xee}\xc6\xc4\xb0&\xcb\xbd\xbf\x80\xa3\
)k6\x00\xa8\xd3\x18\x10\xc8\xcd!\xf8\x02\xe4\x07\xdd\
\x9d\xfaN!fI\xf5\x0d\x1f\xf0\xb5Ix\xd0s\x04\
\xbd\xa5\xe3\x03\xe95|\x1d\xd3V\xdf!T}\x9f\x90\
\xce\xadcK\x1ek[\xd7\x8e{\xf4\x87\xa4\xe6g(\
\xc8\xa2\x89\xe6n\xef]f\x05\x80\xb8\x11\x83rQ:\
\xb6\x10\xc8?+\xe9\x0d\x1c\x0f\x84\x87Sx;\x84\xaa\
/\x82\xa2\xac\x0c\xbcT\xee(\x97\xa0\xed\xed\xb7\x81\xe8\
\xbc$\x08\xd0\x95\xe9\x8d*\xdaU\xbfB\xe2\xe4\xc9U\
f\x07\x80\x18c\xe6i\x8f\xe0V\x89\xba\xe6#\x14\x5c\
}\xfb&@(\xf6 \xc97~\xa8\xae$\x08\xa4+\
\x19\xd7\xc7\x83\xea\xd5\xce\xd7&\xb5\xae\x08\x00\xc4\x0c3\
+\xfa7\xf6\x00B\xf5\x0d\xdd%\xc3\x82xK\xa1\x11\
ApR\xca\xf8\xd2C1\x00\xa8s%c\x8a\xa7:\
\x8e!\x85\x05bc\xd1\xfc \x86\x1f\xd7vh\x100\
\xf3\x15\xb2\xaa\xa5\x9e\xe3!wY\x14\x00bV\xf1\x14\
o\x90\xb4e\xdb\x00\x82)Nj\xbc\xd24\x14\x08\x98\
8;\xcc|%\xadEE*\x0e\x00\xc7}\x0d\x82$\
\x81\x00\xc2Wy\x84\xcb\xcbK\xef{pn\xac\xd2e\
i\x10HWL\x1c\xdfj%\x9b\x88\x83\x01@\x1c#\
\xd8!\xc8V\x82\xa8\xd3h\xc2%\xea\xa7\xd4\xdcO\xbe\
\xbc\x8a\xee \xe3\x0d%A\x90\x91\xcd`W\x83\x02@\
\xdc\x80l\xb7\x9c\xe9\xfbz\xd7\x91\xbcBM_H\x1c\
\xb3|\x87\x80x\x8c\xa0\xa8Y*^#\xfa\x1e\xa4\xe9\
\xe0\x00pR\xe1\x0d\xf4M\xdd\xc9\xde\xc0\xf5S\x97\xda\
I\xfb\x22\x05\xd7\xa4\xdf\x0a\xfa\x9c\x13\x14\xf4\xa5\xa5\xea\
+\xfa\xaf\xc2\x11%\x0ei\x11\xfd\xfe\xbf\xee\xaby\x9e\
D1\x1a\x00$\xbd\xf3\x06h\xb2\xf5O\x97\xd5&\x91\
\xf4\x02\xc5sr\x87&(\x5c\xe8h\x96W\xec=T\
\x1bQ*e\x9c.\xa2/\xbd\x98\xa1\xd7\xe1z'\xa4\
\x1a#Q\xae\xec\xb7\x8d\x0a\x00'\x0d\xd9n\xb5e;\
\xf4C\x1c\xc6\xdff\xef\xa1\xfa\x16T\x95\x9c\x0f\xf6\x99\
\x0a\x08&\x01\x00\xa7u\xed\x1b\x10\x1a\xb0\xc5\xa6\xe9\x1d\
\x03w\xdf\xaa\x96\x16\x10\x94\x96mR\x00p\xc2*\xc3\
\x16\x10\x08\x0dE7A\xdcxc\x96c\x83`\x92\x00\
p\x06!4\x9c\x08\x08\x22\xae%\xed!p\xdf(\x1f\
\xdc\x98\xd9\x8b\x8d\x09\x82I\x03\xa0i9@\xa0mQ\
=\xd6\xd5\xca\xa1\xef\x12\xb2\xd9u\xb6c\xe50\xf0Y\
=e\x94\x17\xd3\xb9\xb5\xf3\xb1@\xb02\x00p\x8a\xac\
W\x0e\x07N\xd1\x84\x09\xf3+i\xae\x8f\x8c\xe5\x09\x1b\
[\xb7\xef\x0e(\x87i\xf6\xad\xf3\xa9\x83`\xe5\x00\xd0\
T\xb0\x8e\x09\x13\xc7\xd0\xbe\x03\x04\x06\xd1\x0b\x13Z\x9f\
\x9b\x1fG\xab\x1f\x1f\x01\xb2s\x5c\xfa\x11e\xe5\x85\xdc\
X\x94\x87\x00\xd2;\xce\xd4A\xb0\xf2\x00X6\x1c\x06\
\xd1\xef\xf0~\xc48\xb73\x93\xe3\xca-7K\x01\x05\
\xdaoP\xe7\x8b\x22\x02\x18.\xfd\x0deR\x1e2e\
\x10\xdc;\x00,\x03\xa2\xeb\x5c@\x81\xce\x1b\x14\xb5\xad\
\xdb\xd5o\xd7\xf5\xa9\x82`m\x01\xd0e\xa8\x92\xd7c\
@ >\x86H\x0cg\x00H\xd3\x03\xd2\xd4@0\x03\
`@\xe3\xbb\xa1\x04\x02\x12J\xf3\xf3\x8f\x92\x9e`\x06\
\x80\xb3\xca\xc0%\x09\xe5\xf1\x14@0\x03``\xc37\
\x87\x9b\x02\x08f\x004-2\xc2\xb1@\xc0R4\xf8\
}~\x8e\xb5\xdc\xe1`\x06\x80\xd3\xec\x88%K\xd1o\
c\x81`\x06\xc0\x88\x86o\x0e=\x16\x08f\x004\xad\
0\xf2\xb1@\x80'\xd0\xc3.\x13'9\xc2\xc1\x0c\x00\
\x93\xaa\x87k\x04\x08\xce\x87\x04\xc1\x0c\x80\xe1lk\x1e\
iH\x10\xcc\x000\x9be\xd8\x861 \x88\xf1\x18\xcb\
R\xcc\x00X\xd6\xc8\x84\xce- \x90\xf1\xd5.\x95\xed\
\x19\x00\xa9\x9a\x1b\xe8>\x19WFn\x1b\xee\xe6\xe6\xe6\
\x8d\xea\xdb\xea\xac\xd7f\x00X55b;\x19y\x19\
\x04\x18\xff=\xcf\x14\xf4w\x0a\xbd8\x9b\x01\xd0K}\
\xc3\xdd\xbc\x04\x82o\x18?\xcb\x17m\xcd\x00\x18\xce\x86\
\xde\x91,\x955\x08\xf4\xe6\x92y\xeb8\xd4\xef\x0c\x80\
\x90\x86&V\x0f\x08\xb2\xbe\xb94\x03`b\x06\x1e\x9a\
\x9d\x19\x00Ck|b\xe3\xcd\x00\x98\x98A\x86fg\
\x06\xc0\xd0\x1a\x9f\xd8x3\x00&f\x90\xa1\xd9\x99\x01\
0\xb4\xc6'6\xde\x0c\x80\x91\x0d2\xf6\xf0\xff\x00\x00\
\x00\xff\xffE\x0f\xa3\x99\x00\x00\x00\x06IDAT\x03\
\x00\xbb\xc0DyPrw,\x00\x00\x00\x00IEN\
D\xaeB`\x82\
\x00\x00\x0d\x9e\
\x89\
PNG\x0d\x0a\x1a\x0a\x00\x00\x00\x0dIHDR\x00\
\x00\x00\x80\x00\x00\x00\x80\x08\x06\x00\x00\x00\xc3>a\xcb\
\x00\x00\x0dSIDATx\x01\xec\x9d\xdd]\xdb\xcc\
\x12\xc6\x8d!\xf7p\xcf\x97;\x80\x0eB\x05'\xa9\xe0\
\x90\x0a\xf2\xa6\x82\x90\x0aB\x07\xe4\xad \x9c\x0a\xa0\x03\
\xe8\xc0$pO\xee\x03\xf8\xfc\x1f!%\xc2\xd8\xda\xd9\
\x95d\xad\xad\xcdO\x13Y\xd2jw\xe6\x99ggg\
W\xb2\x19\x0e\xd2\xbf^#\x90\x08\xd0k\xf7\x0f\x06\x89\
\x00\x89\x00=G\xa0\xe7\xe6\xa7\x08\x90\x08\xd0s\x04z\
n~\x8a\x00\x89\x00=G\xa0\xa7\xe6\x17f\xa7\x08P\
 \xd1\xd3}\x22@O\x1d_\x98\xdd[\x02\x8c\xc7\xe3\
\xfd\xb2\x14\x80\xf4m\xbf\x92\x04\x90cooo?\x22\
W\xc8d\x96lll\x8c\xcb2\xabL~\xee\xea\xc7\
\x8f\x1f'\xd4y\xb0\x8a\xe4X\x09\x02\xe0\x9c}\x9cu\
\x81d\xce\x96cq\xd6)\xd2\x84\xd3\x0e\x86\xc3\xe1g\
\xea,\x93\xe9\x8a6\xdfR\xff\xd2oKK\x00\x9c\xfd\
\x16\xb9G&8g\x8c'\x16\xe9\x90\x03\xda\xfcC\xb8\
\x9f?\x7f\x1e\xd3\xfeRnKG\x00\x1c\x9e\x01\x0f\xda\
\x17\xc8&\xd2\xf9\xb6\xb6\xb6v\x86^\x13\x88@`\x18\
\xefw\xae\x90\x87\x02KA\x00P\xdd\x04\xe0\xac\xb7c\
\xdb\x22{:\xcd\xd97\x88\xb0Od\x18\xa3\xeb\x04\x9d\
\xa3$\xc2\xb45Q\x13\x00\x103\xc7\x03\xea=\x8aG\
\xd1\xdb\xd1\xc3\xb4\xa1\xf3R\x10!Z\x02\xd0\x8b\xee\x01\
q\xe9\x1c?\xcd\x0el\x88\x9a\x08\xd1\x11\xe0\xee\xee.\
\x1bO\x01\xb2\xf5\x1e?\x99Ln$\xb4\xd5\xfa&\x22\
(Gh\xbd!\xcf\x06\xa2!\x00=^Y=\xfe\x98\
4\x95Q\x9f3&\x1f?<<l\xed\xec\xec\xac\xcd\
\x92\xdd\xdd\xdd\x91d\xd6\xb5\xe2\x1c\x0a\xbd\x07\xd3s\xa4\
\xf6\x86>\x9a\xae*Yl\xca\xc6\xda:EA\x00\x9c\
\x7f\x85%\xca\xea\xd9\x05o\xe78{T8\x8e\xfd\xfb\
\xed\xed\xed\x7fG\xa3\xd1\xaf\xe0\x1a\xb9\x11\x82\x9c\xab.\
$#\x91\xda\xc0\x91\xdf\xb8\x14\xbcq\xffY,\xd1\xa0\
S\x02\xe4I\xde\x04$C\x17l.qH\xd1\xc3\xdf\
\xe3\xec\x1b\xeajuS\x1b\x10\xeb\x83\x08\xa1\xb6i,\
(:@\x82,\x1a\x80A\xa7\xb3\x85\xce\x08@\x0f8\
f\x5cT\x92\x07\x86~\xdb\xd3\xd3\xd3\x179\x009\xc2\
!\xb5z\xb8_\xcb/K\xabmtx\x8f\xac1T\
|xy\xd5v\x04\x06c-5\xdbJ7_\xaa\x13\
\x02(\xd1\xa3\x07\x9c\x05\x98s$\xb0\xf7\xf6\xf6N\x02\
\xeem\xf5\x16\x86\x8ao\xd2\x8d\xa8p\xe4\xdb\x90\x96\x9a\
\xf3a\xd0\xf7Vs\xf9y\x05\x17N\x00z\xfe\x98\xde\
\xe2\x95\x04\x95z\xfc\xe5<Cb9OT\xb8\x14\x11\
\xb0\xd17\x22\x1c\x08\x9bE\xdb\xb1P\x02\xc8@z\xbe\
y\xcc\x03\xc4\x1b\x81\x19c\x8fw9\xaa\x88\x08\xb2\xc1\
U\xb6\xb8.l\x88\x04A\xc3bQ\x87\xef~a\x04\
\xc0\xb0\x89\x0c\xf4P\xf0\x08\x10G\x1e\xe5\xa3,*\x1b\
\x18\x16|\xec\xd0\xea\xa7\x12\xe3\x85\xd8\xb3\x10\x02\xa8\xe7\
\xfbX\xa3^\x8fD\x1f\xee\xad61,d\x91\x8c\xf2\
\xe6\x84\x95\x0e\xb3\x90H\xd0:\x01\xe4|\x8f\x9e\x9f\x8d\
\x9f\x00\xb5\x92\x1b\xa4\xde\x02\x0b\xbd\xa7`\xb1oS\xd8\
Y\x0a\xd6)\xd3*\x01`\xf1\x15\x06\x9b\xc6\xfc<\xd1\
\xf3\xce\xa0\xeb\x18\xdf\xc5\xbd\xac!|\xc2\xd6O\x96\xb6\
\x85\x9d0\xb4\x94\x0d-\xd3\x1a\x01\xf2\xb9\xadi\x81\x87\
D\xe9\xc32&z\xa1\xa0c\xeb)y\xc1\xa1\xf1\xfe\
\x83\x1cKcq\xbfb\xad\x10@\xab[\x9a\xdbZT\
\x11\x10$J\xb5\x96V-\xed\xc4V\x86\xbc\xe0\x1a\xdb\
M\xc9\xa1\xb0\x14\xa6!6\xb8\xeei\x85\x00Z\xddr\
5\xac\xeb\x00p( \xf4\xb9\x8f\x82\xed7``\x22\
\x81\x15S_\x1c\x1b'\x805qQ\xd8\x07\x80k_\
\x85W\xad<\x18\x88\x04\xa6\xe1\xc0\x8a\xad\x0fF\x8d\x12\
\x00\x05\x8f\x95\xb8\xb8\x14 \x09\xfa\xd2\xc7\xb0?\x0f\x17\
Hp\x0d&\xce\xc4P\xd8\x0a\xe3y\xf5\x84\x9co\x94\
\x00(hY\xdf?'\x09\x8an-?\x04\xbc&\xef\
\x01\x93S\xf0sN\x11)c\xc1\xd8\xacZc\x04\xb0\
NW\x98\x0b\xeb\x05\x0b\xb3\x82}*\xa8)\x22\xf6:\
\x17\x8b\xc0\xba\xee\xbb\x134\xf3\xbc5B\x80<Cu\
N\xf9p\xfe\xdas\xb3\xe9\xffy\x08\x80\xd1\xd6\xbck\
\xa5\xf3o\xc1\xbc\x91W\xe6\x1a!\x80%C\xb5f\xbb\
%#{\xfb\xd1\x82\x15\x987\xb2T\x5c\x9b\x000\xd1\
\xb9\xd2G\xc6\x7fC\xa2\xd3\xfa\xdb:\xab\xc2\x98\x1c+\
\xe7\x0c\x89\xa1`\xeew$\xacX\xd4&\x00L\x1c\xbb\
\x1a#\xe37\xcdu]\xf54u\x1d\xd2\xea\x89[\xf6\
E\x13@\xd4\xf7\x09\xef9\xe7$rS\xed[\xeaa\
(\xb0L\x0dk\xe7\x02\xb5\x08`\x01\x8d\xe9\xcd\x17\x8b\
\xc1\x8b*#\x9d!\xad\xc2gy\x0c\xdd\xe4\x1c\x97\xc6\
Q\x91\x00\xec\x9cSC\x94\xae\xa5s-\x02\x084\x97\
\xe3\x98\xdeD5\xe5\xab\xd2\xb9\xea\x9a\xcb\xce6\xae\x83\
\x9dsZ\x88\xcez\xa3:\xb8\xf9`\x02X\x987\x99\
L\xa2\x9a\xf2\xa1s\xb9\xd7\xcf\x04\xcdRf\xe6\x8d\xed\
\x9dt=!\xdd\xac\xa3s0\x01\xd6\xd7\xd7\x9d\xe3\x0f\
c\x7f\xd0+\xd3\xeda9pNU\x07\x83\x81\xa5\xcc\
`Q\xff\xc8\x05\x9c/\xc6\x10\x05\xbe\x87\xea\x13L\x00\
V\xa4*\xc7\x1ez\xbf\xefK\x91\xa16\xf8\xdc\xe7\xcc\
\xac\xa9\xccR\x86b\x8b\xdb\x0cX\x06\xcf\x06\x82\x08`\
Y\x8f\xa6\xf7G\xf7\x88\x97\xe9\x95s\x95\xcdRfq\
\xae\x7fn\xc9\x82%\xb3\x99 \x12\x04\x11\x80\xde\xefZ\
\x8fv\x86\xadg\xd3\x16\xff?\x8b,sW\xda\xaa\xae\
-^\xd3W-\xba0\xcd\x86\x81Ww9N\x04\x11\
\xc0Q\xe7\x00 \xa3J\xfe\xca\xfa\xaa\x873\xae\xc2\xe1\
\xb5?\x11\x8a\x83S\x9d\xd3\xb5r\xd9\x98>\x1b0u\
&\xb8\xb3\xec\xf1&\x00\x19\xa73\xd4\xc4\x0cd\x01\x02\
\x0f^\xb2\xef\xf7\xc9\xf1|v\xce\xb7\x8b\xfb\xba\xda[\
0\x0d\x19\x06\xbc\x09@\xc6\xf9\xb5\x0a\x04z\xd3\x9f\x9e\
UU.]\xf3G\x00l]\xeb\x02\x9f}k\xf5&\
\x00\x0dTN\x93~\xff\xfe\x1d\xd5\xca\x1f\xfa\xae\xccf\
\xc0\xd6\x19\x9d\xa7\xc1\x08!\xc0t\x1d/\x8e\x09U\xe9\
\xa1\xcf\x0bD\x9a;\x00[\xe7,\xc6\xb75/\x020\
\xfeW\xf6~\xdf\xc6S\xf9\xe6\x11\xc0G\x95\xeb3\xd3\
-z\x11`8\x1c\xbe\x9b\xae`\xea8\xb6\x95\xbf)\
\xf5\x96\xff\x90<\xa02\xc7\xc2G^\xdf\xbc\x1e\xfa@\
B\xe5\xff\xa9*\xcf\x8a\xd5\xbfU\xd7\xd3\xb5\xfa\x08\xf0\
\x84\xf0\x7f\xb3j)\xceA\x90\xff\x16\x9f-{/\x02\
Pa\xe5\x10\xf0\xf8\xf8\xe8Z\xac\xa0\x8a\xb4\xd5A\xc0\
\x851\x04ho\x08p)\xdeF\x92\xe2j\xb3o\xd7\
\x9b\xc6\xd87\x02,=\xdeJ\x92\xaad\xe9\x0d\xf44\
\xa0w\x04`!\xeb\x0cy\xf1\xb7\x02\xca\xc7\x90\xc3{\
.\xed\x89yT\xc5{G\x80\xa8\xd0\x8f@\x99D\x80\
\x08\x9c\xd0\xa5\x0af\x02\x10\x1a\xbd\xb2\xcb.\x8d\xea{\
\xdb>\xbe2\x13\xc0\x05*k\x00i\x09\xd8\x05RC\
\xd7\xcbX\xd7\xad\xb21\x02\xd4U$\xdd\xdf\x0d\x02\x8d\
\x11\xc0w\x01\xa2\x1bsW\xa3\xd5&\xb16\x13\x80\x05\
\x88\x14\xe2\x97\x84?>\xbe2\x13`IlOjz\
\x22\x90\x08\xe0\x09\xd8\xaa\x15O\x04X5\x8fz\xda\x93\
\x08\xe0\x09\xd8\xaa\x15o\x94\x00,@\x04\xbd\x9a\xbcj\
\xa0\xb6iO\x81qSm\xf8\x12\xa0\xf2kSo\xde\
\xbc\xa9|a\xa4)\xa5\xfb\x5c\xcf\xfa\xfa\xba\xebaU\
\xa5\x8f\xa6\xb1\xf3%@\xe5\xebH\xacPy\xbd\x8e4\
\xadL:v#\xc0\x1a\xc0\xc7\xaaR\xae7\x86\xa6\xef\
\xf5\x22\xc0\xc3\xc3C\xe5\xebHT\xeeb'E\xd2V\
\x13\x81J\x8c!\x80\xd7{\x99^\x04\xf0Y`\xa8i\
d\xba=\x10\x01|\xd4\xea\x10\xe0T\x8b$%=5\
t\xa2\x14V\x00l+\xdf\xc9\x0c\xa9\xd5+\x02\xe4\x0d\
T\xbe\xf8\xb9\xb1\xb1\xe1\xfa\xe6p^M\xda\xf9\x22\x00\
\xb6\xae\xaf~U\xfafV{\xde\x04 \x0fp\xfd\xf0\
C\xe5\x185K\x89t\xce\x8c@\xe5\xf72\xf0\x8d\xf7\
\x97\x5c\xbd\x09\xc0\x18\xe3|(D\xa8J\xeb\x01f\x9f\
\xda\x0a\x82i6\xb4V\x95\xc67^\xe3\xbf\xea\xf2&\
\x80nB*\xbf\xa3F\xa8\x0a\xfa\xb1\x02\xeaM\xdb\x1c\
\x04\x5c\x982\x05wv\xccYU\x87\x12\xc0\xf5\x03\x10\
i\x18\x98\x85v\xbds\x95\x09\xe0\xe3\xe3\xa3kh\x9e\
\xd9z\x10\x01vvv\x9c\xc9F\x9b\x7f\xe7f\xa6%\
+|\xd2\xf2\x9bL\x84\x7f\xa7OfA\x14D\x80\xbc\
\xa2\xca\x06\x87\xc3\xa1+c\xcd\xabI;\x17\x02\xac\xfe\
\xb9fV\x95\xbe\xa8\xaa?\x98\x00D\x01\xd7\x0f\x18\x0e\
noo+\x97-\xab\x14K\xd7\x9e\x11\xb0\xf4~\x8b\
/\x9ek{\xfd\x7f0\x01\xf2\xaa*\x93A\xca\xb8~\
\xd2\x84\x22i\xabB\xc0\xd5\xfbC\x93\xbf\xa2\xcdZ\x04\
`\xde\xe9\xfc\x15\xf0\xbb\xbb\xbb\xca\xdf\x14*\x14I\xfb\
\xd7\x08X\xb0#\xf9sF\xe2\xd75\xff=S\x8b\x00\
$\x1e\x8a\x00\x92\xbf5N}\x82\xa1\xffL\x9dJ\x87\
F\x04\xca\xd8\xcd\xbb\x05\x1f\x04M\xff\x8a\xfaj\x11@\
\x95X\xa2\x00\xb9\x80~\x9e]\xc5\x93\x18\x11`\xec\x1f\
\xbb\x8aZ\xb0w\xd5Q\x9b\x000P\x11@R\xd5\xd6\
&\xd3\xc2\x14\x09\xaa\x10*]\xc3\xf9\xc7\x8c\xfd\xae\x95\
\xbf_`_\xab\xf7\xab\xc9\xda\x04P%d\xa1s\x7f\
~U\xd7%L\x0b\xbf\xb2\x9c\xd9\xf9\x121\xc0\xde\x10\
Z\xe7\x8at\xedZ\xd0\xd15\xed\x1bX0\xb7\xd8\xd1\
\x08\x01\xd4\x10J;3~\x963;\x1f\x0a\xb6\xb7\xb7\
?\xec\xee\xee\x8e\xe6\x09\xbd*xN-\x1c\xea\x0a\xc3\
\xe5\xc4U\x07XW\xbe\x99\xe5\xba\xbf|\xbd1\x02\x00\
\xac\xe9I\x14\xe1\xcd9\xb6\x95\x15\xec\xd3g+6`\
\x1d\xb4\xec;\x0b\xcb\xc6\x08\x90W\xee\x9c\x92\xc0\xde}\
\xa67\xce\x10\x97\xd7\xd7\x9b\x1d9\xd2\x89\xb0q\x19\xdc\
D\xe2Wn\xa3Q\x020.)|J\xcam\xbc\xfa\
\xcc\x18|,\x83_]\xe8\xe9\x09\xb0\xf8\x87\x1c\xc9\xb9\
t\x0en\x8d\xff\xf9\xbdF\x09 \xffA\x02g\x14P\
9\x19L\xc8\xeb\xfd[\xc4$\xc6\x07`1w\xb1L\
X\x15\xa2\xbc\xa5\xf8\xdc\xd4\xbeq\x02H1H\xb0\xa6\
\xbdK\x08yg}&\x81\x9cObl\xfa\xab_V\
L]\x98O_o\x85\x00y#\xa6H \x12\x10\x02\
\xa3\xfa\xd3r\xb9\xfe\xad\xeeD|\xab\xf3\x09\xfd\x8d%\
}\xd3F\xb5F\x00\x18{\x89s\x9dSC)D\x08\
\xfc\xdc\xa7\xc4P\x84\x07\x1bS\x22L\xb9SB\x7fc\
\xd3>\xe1]\x96\xd6\x08\xa0F\x98\xaehjhzO\
\x0d\x96\x1f\xd3+V~\x8a\xc8<\xffB\x84\x17>\x06\
\xb9\xce14\x14\x0d+\xd2*\x01\xa4\x12\x91\xe0\x10\xe7\
\x9a\x96,a\xfb>\x00M\x18\x1b;_1\x94\xeeM\
\x8bl\xa3N\xd3\xebr\xc2L\xd8Q\xbe\xd5\xadu\x02\
H{B\x98\x1e\x1b\xbb\x9e\x17\xa8h&\x8c\x8d\xf7\x84\
\xc9\x95yv\x80\xe3\xdf\x22\xce\x15\xbe\xcc\xf8\xe7\xff~\
\xe5\x98=\x1f\xb5\xf8\xffB\x08 \xfda\xf3\x96X\xad\
\xcf\x16!L~]\x85!!\xb7\xc1\xf9WV\x0bL\
\x84\x91\xb0*\x8e\xdb\xde/\x8c\x002$g\xb5)'\
P\xf9bHX\xc6\x04\x91\x08v\xa2^/\x1bd\x8b\
Q\xaes\x8c\x06\xc6\xf2\xb5\x8b-\x94\x00\xd2\x16v\x1f\
>==y\xfda)z\xc5\xb1\xc0\xa47E\xbfp\
\x84\x9eY\xb8'\x829W\xf6\x84G!\x10\xe5\x9b\xb0\
)\x8e\x17\xb5_8\x01d\xd8\xde\xde\xde\x09Nu}\
\xb7@E_\x08 \x9d\x01\xf0D\xbd\xeb\xc5\x85\x08\x0e\
\xd0\xeb#\xa2q\xde\x1c\xee\x0b\xb5\xe9\x10\x9f\xc8\xf6[\
\x9b\xeb\x17\xed\xcc\xdawB\x00)B\xa8;\x87\xf1\xa6\
\x15C\x95/\x8bz\x97\xc0&\x220a\x18\xbb^\x9c\
(\xdf\xda\xe8g\x1a\xdfD\x8f\x0bD\x8e7\xadyL\
+\xc0\xc3\x9d-:D\xd0\xbd\xd3u\x85\x1cwF\x80\
B\xd9\x9c\x04\xe6\xbc\xa0\xb8O{\x22\xc2>3\x86\xb1\
\x1c\x80|\xc7!\x95\xdf\x9e\xd1=u\x856\xf44\xf3\
+\xedMh[\xef7\x98\xa6u\xd3\xed\x12\x01od\
\xfbh42\xcf\x8e\xa6\xebh\xe2\xb8s\x02\xc8\x08\x80\
8\xa4'\x8c\xf4\xb9\x86\xbc\xc3!WrL.\x17D\
\x88w8,xMA\xf7\xaa\x0e%\xa1y\x9dr\xfa\
\x18\xe7\xd5\x9d\xa2\x1e\x11\x01\xeb\xda[\x03\xaa\xbf\xb7F\
A\x00\xa9CO\xc8z\x04\xbd\xba\xa9e\xcf\xb7\xd4\xf5\
\x1dR\xdc\x17\xce\x9b\xde\xe3\xdc\xb1d\xfa|q\xac{\
U\x07\x0e?\x96\x8e\x0d\xc8%d_C\x9c\x8f\xcc\x1b\
h\xcbTE4\x04(\xb4U2\x04@\xca\x0dZ\x0f\
\x8d8w_R\xb4\xdd\xe2\xfe\x17\x11n\x0b\xbbL\x0f\
\xc8Z\xd4\xe3U\xd5\xd1\x11\xa0\xd0\x10\xb0\xb6\x00-\x8a\
0Y\xe8\x14\xb0\x97\xe3G\xb2\x85\x08g\x22t@\x1b\
\xb5n\x89\x96\x00\xb2\x0a\xd0\xb2aAD \x0c\x9b\x9e\
'\xe8\xbe\x08D\x8eW\x8f\xdf\x92\x0d\x11\xe83W\x85\
\xa8\x09Ph-\x10\x954\xd1\x9344D3~\x16\
\xfa\x95\xf6\x97\x90\xb5p|\x94=\xbe\xa4k\xf6q)\
\x08\x90i\x9a\xff\x07\x09\x8e\x905\x80>\x8a$*\xc8\
\xd1\x99N\xe8u\x04Yu\x9ck\x1b\xffn\xe9\x08P\
@\x0a\xd0\x97ET\x80\x0c\x87\x9c_ddP[\x85\
\xd3\xd5\xe3u\x8c\x0a\xcb\xb7--\x01\xcaPC\x86k\
\xf5>DS,E\x87C\x96W\xf5\xbc!h\x81\xa9\
\x5c\xb7\xa2\x8c\xea\x82dJ\xe6\xb2\xfaiG\xce_Z\
\xa7\x97\xed[\x09\x02\x94\x0d\xd2g\x11\x82\xe5\xd5\x13\x1c\
u\x88\x14N{\xb1\x97C\xcb2\xaf\x9c\xa2\x8c\xea\xa2\
\xceeJB\x05\x83IV\x92\x00\x16\xcb\xe5\xd0\xb2X\
\xeeY\xc52\xbd%@l\xce\xecJ\x9fD\x80\xae\x90\
\x8f\xa4\xddD\x80H\x1c\xd1\x95\x1a\x89\x00]!\x1fI\
\xbb\x89\x00\x918\xa2+5\x12\x01\xbaB>\x92v\x13\
\x01\x22qDWj$\x02t\x85|$\xed&\x02t\
\xec\x88\xae\x9b\xff?\x00\x00\x00\xff\xffZ\x02\xcf\xe9\x00\
\x00\x00\x06IDAT\x03\x00l\x13VLJy\xc9\
\x95\x00\x00\x00\x00IEND\xaeB`\x82\
\x00\x00\x03\xba\
\x89\
PNG\x0d\x0a\x1a\x0a\x00\x00\x00\x0dIHDR\x00\
\x00\x00\x80\x00\x00\x00\x80\x08\x06\x00\x00\x00\xc3>a\xcb\
\x00\x00\x03oIDATx\x01\xec\x9cmj\xe3@\
\x10D\xbd\x8b\xafaX\xdf\xffP^\xf05\x0c\x09\x22\
Q \x02y\xf4\xd1\xd3\xd3\xdd\xf5\x16\xb4\x8e#\xb9\xa7\
\xfa\xd5\xc3?\xf3\xf7\xc2?i\x02\x08 ]\xff\xe5\x82\
\x00\x08 N@|}\xbe\x01\x10@\x9c\x80\xf8\xfa|\
\x03 \x808\x01\xd1\xf5\xe7\xb5\xf9\x06\x98I\x88\xbe\x22\
\x80h\xf1\xf3\xda\x080\x93\x10}E\x00\xd1\xe2\xe7\xb5\
\x11`&!\xfa\x8a\x00\xa2\xc5\xcfk#\xc0LB\xf4\
\x15\x01\xc4\x8a_\xae\x8b\x00K\x22b\xef\x11@\xac\xf0\
\xe5\xba\x08\xb0$\x22\xf6\x1e\x01\xc4\x0a_\xae\x8b\x00K\
\x22b\xef\x11@\xac\xf0\xe5\xba\x08\xb0$\x22\xf6\x1e\x01\
D\x0a_[\x13\x01\xd6\xc8\x88\xfc\x1e\x01D\x8a^[\
SN\x80\xc7\xe3\xf1\xef\xdd\xb5\x06\xaa\xea\xef\xe5\x04\xb8\
^\xaf\x8fwW\xd5\xa2\xd7\xf6\x92\x13`\x0d\x84\xea\xef\
\x11@\xb5\xf9\xef\xbd\x11\xe0\x1b\x84\xea\x0b\x02\x14o\xbe\
\xb5\x1e\x02\xb4\x08\x15\xbf\x8f\x00\xc5\x0bn\xad\x87\x00-\
B\xc5\xef#@\xf1\x82[\xeb!@\x8bP\xf1\xfb\x08\
P\xbc\xe0\xd6z\x08\xd0\x22T\xfc>\x02\x14-x\xeb\
Z\x08\xb0\x95T\xd1\xe7\x10\xa0h\xb1[\xd7B\x80\xad\
\xa4\x8a>\x87\x00E\x8b\xdd\xba\x16\x02l%U\xf49\
\x04(Z\xec\xd6\xb5\x10`+\xa9\xa2\xcf!@\xb1b\
\xf7\xae\x83\x00{\x89\x15{\x1e\x01\x8a\x15\xbaw\x1d\x04\
\xd8K\xac\xd8\xf3\x08P\xac\xd0\xbd\xeb \xc0^b\xc5\
\x9eG\x80b\x85\xee]\x07\x01\xf6\x12+\xf6<\x02\x14\
)\xf4\xe8\x1a\x08p\x94\x5c\x91\xcf!@\x91\x22\x8f\xae\
\x81\x00G\xc9\x15\xf9\x1c\x02\x14)\xf2\xe8\x1an\x02L\
\x7f\x95\xe3\xf9|~\x8c\xbeZ\xa0F\xe7\x9b\xce\x9fX\
\xb5rZ\xddw\x13\xc0*0sl\x09 \x80-\xcf\
t\xd3\x10 ]e\xbf\x03\x9f}\x87\x00g\x09&\xff\
<\x02$/\xf0l|\x048K0\xf9\xe7\x11 y\
\x81g\xe3\xbb\x09p\xbf\xdf\xff\xdfn\xb7?\xa3\xaf\x16\
\xb0\xd1\xf9\xa6\xf3'V\xad\x9cV\xf7\xdd\x04\xb0\x0a\xcc\
\x1c[\x02\x08`\xcb3\xdd4\x04HW\xd9W`\xab\
\xff\x11\xc0\x8ad\xd29\x08\x90\xb48\xab\xd8\x08`E\
2\xe9\x1c\x04HZ\x9cUl\x04\xb0\x22\x99t\x0e\x02\
$-\xce*6\x02X\x91L:\x07\x01\x92\x15g\x1d\
\x17\x01\xac\x89&\x9b\x87\x00\xc9\x0a\xb3\x8e\x8b\x00\xd6D\
\x93\xcdC\x80d\x85Y\xc7E\x00k\xa2\xc9\xe6!@\
\xb2\xc2\xac\xe3\x22\x805\xd1d\xf3\x10 Ia\xbdb\
\x22@/\xb2I\xe6\x22@\x92\xa2z\xc5D\x80^d\
\x93\xccE\x80$E\xf5\x8a\x89\x00\xbd\xc8&\x99\x8b\x00\
I\x8a\xea\x15\x13\x01z\x91M2\x17\x01\x82\x17\xd5;\
\x1e\x02\xf4&\x1c|>\x02\x04/\xa8w<\x04\xe8M\
8\xf8|\x04\x08^P\xefx\x08\xd0\x9bp\xf0\xf9r\
\x02\xbc^\xaf\xfb\xbb+x_\xe6\xf1\xe4\x04\x98\xfe\xfa\
\xc6\xbb\xcb\x9cp\xf0\x81r\x02\x04\xef\xe3'\x9e\xd7\x0f\
\x08\xe0E:\xe89\x08\x10\xb4\x18\xafX\x08\xe0E:\
\xe89\x08\x10\xb4\x18\xafX\x08\xe0E:\xe89\x08\x10\
\xb4\x18\xafX\x08\xe0E:\xe89\x08\x10\xac\x18\xef8\
\x08\xe0M<\xd8y\x08\x10\xac\x10\xef8\x08\xe0M<\
\xd8y\x08\x10\xac\x10\xef8\x08\xe0M<\xd8y\x08\x10\
\xac\x10\xef8\x08\xe0M<\xd8y\x08\x10\xa4\x90Q1\
\x10`\x14\xf9 \xe7\x22@\x90\x22F\xc5@\x80Q\xe4\
\x83\x9c\x8b\x00A\x8a\x18\x15\x03\x01F\x91\x0fr.\x02\
\x04)bT\x0c\x04\x18E>\xc8\xb9\x080\xb8\x88\xd1\
\xc7\x7f\x02\x00\x00\xff\xff\x08s\x16v\x00\x00\x00\x06I\
DAT\x03\x00\xb2\x91Q\x10C\xdfC\xc9\x00\x00\x00\
\x00IEND\xaeB`\x82\
\x00\x00\x05c\
\x89\
PNG\x0d\x0a\x1a\x0a\x00\x00\x00\x0dIHDR\x00\
\x00\x00\x80\x00\x00\x00\x80\x08\x06\x00\x00\x00\xc3>a\xcb\
\x00\x00\x05\x18IDATx\x01\xec\x9d\xdfm\xdb0\
\x10\xc6C\xc7y\xcf\x00\x91am\xd0\x11\x9a\x11:A\
\xb3B'H\xb3A7HG\xe8\x06\xed\x06\xed\x06J\
\x9c\xbc7\xefq\xa0\x92@\x05\x181ES\xd2\x1dy\
G~E\x0eR)\xf2\xfe|\xdf\xaf\x86\x8b8\xed\xea\
\x0c\xbf\xaaV\x00\x00Tm\xff\xd9\x19\x00\x00\x00\x95+\
P\xf9\xf8x\x05\x00\x00\x95+P\xf9\xf8x\x05\x00\x00\
\x95+P\xe9\xf8\xc3\xd8x\x05\x18\x94\xa8\xf4\x0a\x00*\
5~\x18;\x0b\x00]\xd7m5\xc6 ZI\xd7$\
\x00X\xb3/\x9f\x9e\x9e\xfa!\xd6\xebu\xa71\x1e\x1f\
\x1f\xbf\x96d\xbe\x9b\x85\x1d\x80\xe7\xe7\xe7{k\xf6_\
WL{\xacV\xab\xdb\xd2 `\x05\xc0\xfe\x89\xff\xdd\
\xf7\xfd\x8dv\xe3\x0f\xfb/\x0d\x026\x00v\xbb\x9d3\
\xfe\xc3\xa1x\xa5\xdc\x97\x04\x01\x1b\x00\xc6\x98\xfbR\x0c\
\xf7\xcd\xa1\x15\x82\xf7\xb3\xb0\x00\xd0u\xdd\xf6}\xa1\x12\
\x7f_\x02\x04,\x00\x5c\x5c\x5c\xdc\x96h\xb8o&\xed\
\x10\xb0\x00`\xdf\xf8\x05_\x01\xec\xf3\x07\xc9\xe13:\
\xb4\xa6\x19\x82,\x00\xbc\xbd\xbd]o6\x9bVj8\
8C\x86\xfb\x9ei\x85\x80\x05\x00\x9f@5\xaci\x84\
\x00\x00\x10\x93\xa9\x0d\x02\x00@\x0c\x80K\xa7\x09\x02\x00\
\xe0\x1cc\x08i\x10\x8c\x8d\x08\x00\xc6\x94!X\xd7\x00\
\x01\x00 0:\x94B:\x04\x00 \xe4\x1e\xd13\xc9\
\x10\x00\x00\x22\x93O\xa5\x91\x0a\x01\x008\xe5\x1c\xe1s\
\x89\x10\x00\x00B\x83cRI\x83\x00\x00\xc4\xb8F\xbc\
G\x12\x04\x00\x80\xd8\xdc\xd8t\xa9 8\xd5\x0f\x008\
\xa5\x10\xe3s\x09\x10\x00\x00F\x83cR\xe7\x86\x00\x00\
\xc4\xb8\xc4\xbc''\x04\x00\x80\xd9\xdc\xd8\xf4\xb9 \x00\
\x00\xb1\x0e%\xd8\x97\x03\x02\x00\x90\xc0\xd8)%RC\
\x00\x00\xa6\xb8\x93hoJ\x08\x00@\x22S\xa7\x96Y\
\x0aAl=\x00\x10\xabT\x86}) \x00\x00\x19\x8c\
\x9dR\x92\x1b\x02\x000\xc5\x8dL{9!\x00\x00\x99\
L\x9dZ\xd6\x18\xf3y\xea\x99\x98\xfd\x00 F\xa5\x82\
\xf7\x00\x80\x82\xcd\x8d\x19\x0d\x00\xc4\xa8T\xf0\x1e\x00P\
\x98\xb9S\xc7\x01\x00\x1e\xc5\xdc\x0f\xad6McR\xc6\
~\xbfo=\xad\xb0/\x01\x00v\x89e\x17\x00\x00\xb2\
\xfda\xef\x0e\x00\xb0K,\xbb\x00\x00\x90\xed\x0f{w\
\x00\x80]b\xd9\x05\x00\x80l\x7f\xd8\xbb\x03\x00\xec\x12\
\xa7)0\xb7\x0a\x00\x98\xab\x5c!\xe7\x00@!F\xce\
\x1d\x03\x00\xccU\xae\x90s\x00\xa0\x10#\xe7\x8e\x01\x00\
\xe6*W\xc89\x00P\x88\x91s\xc7\x00\x00s\x95+\
\xe4\x1c\x00Pn\xe4\xd2\xf6\x01\xc0R\x05\x95\x9f\x07\x00\
\xca\x0d\x5c\xda>\x00X\xaa\xa0\xf2\xf3\x00@\xb9\x81K\
\xdb\x07\x00K\x15T~\x1e\x00(7pi\xfb\x00`\
\xa9\x82\xca\xcf\x03\x00\xa5\x06R\xb5\x0d\x00\xa8\x94T\x9a\
\x07\x00(5\x8e\xaam\x00@\xa5\xa4\xd2<\x00@\xa9\
qTm\x03\x00*%\x95\xe6\x01\x00J\x8d\xa3j\x1b\
\x00P)I\x90\xc7\xfd\x97\xb5ca\x8cy (q\
\x94\x02\x00\x1cI\x92g\xa1m\xdb\x07\xf7c\xe9c\xd1\
4\xcd\xb5\xeb\x8c:\x00\x00\xb5\xa2\xca\xf2\x01\x00e\x86\
Q\xb7\x0b\x00\xa8\x15U\x96\x0f\x00(3\x8c\xba]\x00\
@\xad\xa8\xb2|\x00@\x99a\xd4\xed\x02\x00jEO\
\xe4\xeb\xban\x9b#\xc6\xda\x02\x00c\xca0\xad\xaf\xd7\
\xebnN,=c\xa1\xfb\xe8\x1b\x09\x00\xf8T\xa9h\
\x0d\x00Td\xb6oT\x00\xe0S\xa5\xa25\x00P\x91\
\xd9\xbeQ\x01\x80O\x95\x8a\xd6\x00@Ef\xfbF\x05\
\x00>U\xe4\xad\xbd\x8c}N v}l$\x000\
\xa6\x8c\x90\xf5\xffm\x5c\xda\xeb\xdd\xd8g\x05b\xd6\xdb\
\xb6\xfdes\x1c}\x01\x80#Id.\x18c\xeew\
\xbb\xdd\x0duw\x00\x80ZQ\xc6|\x1c\x10\x00\x00F\
\xc38RSC\x00\x008\x5cb\xceI\x09\x01\x00`\
6\x8b+=\x15\x04\x00\x80\xcb\xa1\x99y\x9b\xa61\xb1\
G) \x00\x00\xb1j'\xdc\x97\x12\x02\x00\x90\xd0\xd8\
)\xa5RA\x00\x00\xa6\xb8\x92xo\x0a\x08\x00@b\
S\xa7\x96\xe3\x86\x00\x00Lu$\xc3~N\x08\x00@\
\x06C\xe7\x94\xe4\x82\x00\x00\xccq#\xd3\x19\x0e\x08X\
\x00\xb0\x7f?}\x09it~~\xfe\xd3~c\xa3+\
1BsS<\xa3\x86\x80\x0b\x80?\xa1a- \xdb\
R#47\xd53J\x08X\x00x}}\xbd\xa3\x1a\
\xb6\xb6<\xb1\xf3RA\xc0\x02@\xdb\xb6,\xff\x9aE\
\xac8\xb5\xec\x9b\x02\xc1f\xb3\xf9\xee\xd3\x85\x05\x00W\
\xa8\xef\xfbO\xee\x8a\xe0U \x06\x82\xd0\x1e6\x00,\
q?\xec\xe8\xde\x8f!\xd9u|\x11*\x1028\xf4\
\xcc\xb5\xc0\x06\x80Kn\x8b_\xdb7{\xdf\xdc=\x82\
W\x01\xab\xf5\xd1w\x11}k\xef\xbb`\x05\xc0\x15\xbb\
\xba\xba\xfa\xb2\xdf\xef[w\x8f\xe0U\xe0\xd0\xf0\xc3\xfb\
PUv\x00\x5cq\xf7\xa6\xd054\x84\x03\xa2\xd4p\
\xf3\x86b\xd0`\xec\x1a:\x1b\xf3l\xc8\x1b\xb3\xd7\xed\
I\x02\x80+t\x18\x0e\x88R\xe3pN\x0d\xf7Y\x00\
\xd0 L\xea\x1es\xd5\x03\x00\xb9\x94\x17R\x17\x00\x08\
1\x22W\x1b\x00 \x97\xf2B\xea\x02\x00!F\xe4j\
\x03\x00\xe4R^H]\x00 \xc4\x88\x5cm\x00\x80\x5c\
\xca\x0b\xa9\x0b\x002\x1b\x91\xbb\xfc?\x00\x00\x00\xff\xff\
\xf43\xdf\xdd\x00\x00\x00\x06IDAT\x03\x00\x9d\xd2\
\xed=\xc4\xfdr\xf9\x00\x00\x00\x00IEND\xaeB\
`\x82\
\x00\x00\x03\x8e\
\x89\
PNG\x0d\x0a\x1a\x0a\x00\x00\x00\x0dIHDR\x00\
\x00\x00\x80\x00\x00\x00\x80\x08\x06\x00\x00\x00\xc3>a\xcb\
\x00\x00\x03CIDATx\x01\xec\x94An\xec \
\x10D\xe7\xff{\x8cf\x9f\xfb\x9f%\xfb\xd1\x1c$Q\
\x16l\x90\x10`CS\xdd\xfd\x22E\x96m\x0c\xd5\xaf\
\x9e\xe6\xff\x83\xbf\xd4\x04\x10 u\xfd\x8f\x07\x02 @\
r\x02\xc9\xc7\xe7\x17\x00\x01\x92\x13H>>\xbf\x00\x08\
\x90\x9c@\xd2\xf1\xcb\xd8\xfc\x02\x14\x12I\xaf\x08\x90\xb4\
\xf826\x02\x14\x12I\xaf\x08\x90\xb4\xf826\x02\x14\
\x12I\xaf\x08\x90\xb4\xf826\x02\x14\x12I\xaf\x08\x90\
\xac\xf8z\x5c\x04\xa8\x89$\xbbG\x80d\x85\xd7\xe3\x22\
@M$\xd9=\x02$+\xbc\x1e\x17\x01j\x22\xc9\xee\
\x11 Y\xe1\xf5\xb8\x08P\x13Iv\x8f\x00I\x0ao\
\x8d\x89\x00-2I\x9e#@\x92\xa2[c\x22@\x8b\
L\x92\xe7\x08\x90\xa4\xe8\xd6\x98\x08\xd0\x22\x93\xe49\x02\
$)\xba5&\x02\xb4\xc8$y\x8e\x00\xc1\x8b\xee\x8d\
\x87\x00=B\xc1\xdf#@\xf0\x82{\xe3!@\x8fP\
\xf0\xf7\x08\x10\xbc\xe0\xdex\x08\xd0#\x14\xfc=\x02\x04\
/\xb87\x1e\x02\xf4\x08\x05\x7f\x8f\x00A\x0b\x1e\x1d\x0b\
\x01FI\x05]\x87\x00A\x8b\x1d\x1d\x0b\x01FI\x05\
]\x87\x00A\x8b\x1d\x1d\x0b\x01FI\x05]\x87\x00A\
\x8b\x1d\x1d\x0b\x01FI\x05]\x87\x00\xc1\x8a\x9d\x1d\x07\
\x01f\x89\x05[\x8f\x00\xc1\x0a\x9d\x1d\x07\x01f\x89\x05\
[\x8f\x00\xc1\x0a\x9d\x1d\x07\x01f\x89\x05[\x8f\x00\xc1\
\x0a\x9d\x1d\x07\x01f\x89\x05[\x8f\x00A\x0a\xbd:\x06\
\x02\x5c%\x17\xe4;\x04\x08R\xe4\xd51\x10\xe0*\xb9\
 \xdf!@\x90\x22\xaf\x8ea&\xc0\xfb\xfd\xfe\xfa|\
>?\xfc\xf7\x19\xfc\xb1\xbaZ\xe8\xecwf\x02\xcc\x06\
c\xbd\x0d\x01\x04\xb0\xe1,{\x0a\x02\xc8V3\x16\xec\
\xee*\x04\xb8K\xd0\xf9\xf7\x08\xe0\xbc\xc0\xbb\xf1\x11\xe0\
.A\xe7\xdf#\x80\xf3\x02\xef\xc67\x13\xe0\xf5z}\
?\x9f\xcf\x7f\xfc\xf7\x19\xfc\xb1\xba[\xec\xe8\xf7f\x02\
\x8c\x06b\x9d-\x01\x04\xb0\xe5-w\x1a\x02\xc8U2\
\x16h\xd5*\x04XE\xd2\xe9>\x08\xe0\xb4\xb8U\xb1\
\x11`\x15I\xa7\xfb \x80\xd3\xe2V\xc5F\x80U$\
\x9d\xee\x83\x00N\x8b[\x15\x1b\x01V\x91t\xba\x0f\x02\
8+nu\x5c\x04XM\xd4\xd9~\x08\xe0\xac\xb0\xd5\
q\x11`5Qg\xfb!\x80\xb3\xc2V\xc7E\x80\xd5\
D\x9d\xed\x87\x00\xce\x0a[\x1d\x17\x01V\x13u\xb6\x1f\
\x028)lWL\x04\xd8E\xd6\xc9\xbe\x08\xe0\xa4\xa8\
]1\x11`\x17Y'\xfb\x22\x80\x93\xa2v\xc5D\x80\
]d\x9d\xec\x8b\x00N\x8a\xda\x15\x13\x01v\x91u\xb2\
/\x02\x88\x17\xb5;\x1e\x02\xec&,\xbe?\x02\x88\x17\
\xb4;\x1e\x02\xec&,\xbe?\x02\x88\x17\xb4;\x1e\x02\
\xec&,\xbe?\x02\x88\x17\xb4;\x1e\x02\xec&,\xbe\
?\x02\x88\x16d\x15\x0b\x01\xacH\x8b\x9e\x83\x00\xa2\xc5\
X\xc5B\x00+\xd2\xa2\xe7 \x80h1V\xb1\x10\xc0\
\x8a\xb4\xe89\x08 Z\x8cU,\x04\xb0\x22-z\x0e\
\x02\x88\x15c\x1d\x07\x01\xac\x89\x8b\x9d\x87\x00b\x85X\
\xc7A\x00k\xe2b\xe7!\x80X!\xd6q\x10\xc0\x9a\
\xb8\xd8y\x08 V\x88u\x1c\x04\xb0&.v\x1e\x02\
\x88\x14r*\x06\x02\x9c\x22/r.\x02\x88\x14q*\
\x06\x02\x9c\x22/r.\x02\x88\x14q*\x06\x02\x9c\x22\
/r.\x02\x88\x14q*\x06\x02\x9c\x22/r.\x02\
\x1c.\xe2\xf4\xf1\xbf\x00\x00\x00\xff\xff\xba\x9b,\x08\x00\
\x00\x00\x06IDAT\x03\x00\x81\xb31\x10\xffu\xed\
\xaf\x00\x00\x00\x00IEND\xaeB`\x82\
\x00\x00\x02\x87\
\x89\
PNG\x0d\x0a\x1a\x0a\x00\x00\x00\x0dIHDR\x00\
\x00\x00\x18\x00\x00\x00\x18\x08\x06\x00\x00\x00\xe0w=\xf8\
\x00\x00\x02<IDATx\x01\xec\x94\xcbq\x1aQ\
\x10Eg(\xd8\xc3\x9e\x8f\xc8@\xca@\xca\xc0\xce\xc0\
\x8e\xc0r\x04\xb2\x22\xb0\x1d\x81\xc8\xc0\xce\x002\x903\
\xc0|\xf6\xb0\x87\x02\x9f\xd35=\x1e\xa1\xa2\xf0\xc6;\
\xa9\xa6\xf5\xba\xef\xeb\xdb\xfd\xfa\xce<Z\xc5\x7f\xfe{\
kpQ\xe0\x8b\x12\xadV\xabO\xd8\x06;\x9e\xd8f\
\xb9\x5c~\xb8\xd4\xe1l\x03\x8aM\xb1#\x05\xbea]\
\xec\xf4\xe9\x96e\xf9d\x0e6=\xdd\xcc\xf8U\x83\xf9\
|~\x05\xc1\xc2\xb7U\xd2l\xbf\xdf\x8f\x07\x83A\xd9\
4\xb0\x9b\xe3\xf1\xf8\xbb\xca\xb9\x95#\xb7\x8a\xeb\xe5E\
\x03F~\xd7n\xb7\xe7\xeeJ\xae\x0a\xde\x11o)\xd0\
\x94i#6\x1c\x0e\xa3\xb1\xb9\xc4\x85\x5c\xf2\xf2`B\
E\xdd\xc0\xee\x8c\xfcC\xf4p8<J\xd6\x07\xbf\x86\
h\xc1\xa6L]0\xb6\xe6\xd7\xe6\x98+G\x1f\x9b\xb2\
q\xc5\x1aO\xdd@\x82\x88\x89\xa3\xd1\xe8\x8b\xbe\x06\xfe\
\xec\x8a$qZ\xa7\xd2\x17\xcb=}9\x1c\xd0\xf7\x15\
\x93\x88i\xd1`\xbd^?\x19`[\x13Y\xe3\xe1$\
1.\xc4\xc9x<N\xbd\x0b}\x0fbRS\x92~\
\xbf\xff\x19l\x8b\x15\x8b\xc5\x22\x0e\x19\x0d\xd00>\xb7\
<\x99\x09Z\xab\xd5\x8a\x06\xbb\xdd\xee\xd1\xb8i4\x98\
\x18\xb3F\x8e\xbe\x965\xe0>\x18\xb7\xfcGR\x14`\
\xe4\xb9q\x1aI3}\xd68\x80~Z\xa7\xd3\x89\x02\
p#'\xf1\xac\xe1\xd4b\xd1\xa0!K\x17\xb9\xbe\xba\
\xa1\xa1w\x90i\xf0\x80\x5c\xf5\x8b\xd3\xcf\xa9\x91+r\
\xcc\xafd\x89\x8f\x01\xb9>\x8aE\x03\x9d\x1c\x0d\xe2}\
\x95(\x5c\x80\xdf\xe8x2\xf4\x8e\xdb\xac/\x96{\xfa\
r<\x88>\xf8\xd8U\xab\x1bp\x12_\xa2\xdf|a\
\x22w\x22\xe4\x02\xffU\x11\xe2\xe5I\xc2\xb6`=\xf7\
\xf0\x0bs\xe5\xe8s\xc0\xf7\xe0\xd62\xfc{\x0f\x8c\x94\
\x04bt/\xcb2n\xb4d\xf6\xba\xec\xf5\xb0\xbc\xcd\
=1&\x8a\x9f\x13s\x89\x9dv\xcc\x9d\xf8\xa9\x9fV\
O\x90\x80\xdd-D\x1c\xdaJF\x92g\x8a\x85<\xb9\
\x829a~A39r\xe1\xbdx^5\xc8]\x08\
wX\xc9\xc8\xbe\xac\xa6<\x99\x22vo\x0e\x16\xd2\xe6\
Fs=\xdb \x93\x18yB\x81\xa6<\xb5L\xe0\xdf\
3\xef\xdcz\xb1\xc19\xe2\xbf\xe2o\x0d.*\xf5\x07\
\x00\x00\xff\xff\xef\xec\x5c\x11\x00\x00\x00\x06IDAT\
\x03\x00\xa8LI@\x10Z\x9b\xfc\x00\x00\x00\x00IE\
ND\xaeB`\x82\
\x00\x00\x09=\
\x89\
PNG\x0d\x0a\x1a\x0a\x00\x00\x00\x0dIHDR\x00\
\x00\x00\x80\x00\x00\x00\x80\x08\x06\x00\x00\x00\xc3>a\xcb\
\x00\x00\x08\xf2IDATx\x01\xec\x9d\xdd}\xd3H\
\x14\xc5\xe3\x10\xde\x93\xf7$\xc4\x1d\xb0\x15,\xa9`\xd9\
\x0eB\x05\x84\x0a\x16*\x80\xad\x00\xb6\x02\xd8\x0a\xc8V\
\x00\x1d8\xb1yO\xde\x03h\xcfq\xac\xfc\x1c1\x9a\
\x0f\xe9\x8e\xad\x8f\xc3O\x17\xd9\xf3qg\xe6\x9e\xbfF\
#\xc9vvw\xf4o\xd4\x11\x10\x00\xa3\x96\x7fgG\
\x00\x08\x80\x91G`\xe4\xc3\xd7\x0c \x00F\x1e\x81\x91\
\x0f_3\x80\x00\x18y\x04F:\xfcr\xd8\x9a\x01\xca\
H\x8ct/\x00F*|9\xec\xac\x00\xccf\xb3}\
\xd8I\x9f\xad\x0c\xd4P\xf7\xe6\x00\x5c]]\x9d/\x16\
\x8b\x82\xb6\xb7\xb7w\x0d\x9b\xf5\xd98\x8e\xa1\x8a\xcfq\
\x99\x02\xc0`\xed\xee\xee\xbe\xa5\xe3!\x19\xc75\xa4\xf1\
\xac\x8f\xc5\x0c\x80!\x07\x89\x01\x1b\xea\xf8L\x00\x98\xcf\
\xe73\x06i\xe86D\x08Z\x03\xc0\x05\xded29\
\x19\xba\xf8\xe5\xf8\xfa\x0eA9\x8er\xdf\x1a\x00,\xf0\
>\x96\xce\xc6\xb2\x1f\x12\x04\xad\x01\x80\xe8Oa\xa3\xdb\
\x86\x02\x81\x05\x00^\xf1\x8b\xa2\xb8\xec\x93y\x07S\xc9\
\x1c\x02\x04\xd9\x018>>\x9e\xf6\xc9*\x1a\x07\xdf\xf6\
\x1d\x82\xec\x00\x04#8\x80\x02}\x86@\x00\x18\x01\xd8\
W\x08\x04\x80\x11\x00t\xd3G\x08\x04\x00\x953\xb4\xae\
BP7D\x01P\x17\x99\x16\xe9}\x82@\x00\xb4\x10\
\xdaW\xb5/\x10\x08\x00\x9f\x8a-\xf3\xfa\x00\x81\x00h\
)r\xa8z\xd7!\x10\x00!\x05\x0d\xf2\xbb\x0c\x81\x00\
0\x108\xc6EW!\x10\x001\xea\x19\x95\xe9\x22\x04\
\x02\xc0H\xdcX7\x9b\x86 \xd4/\x01\x10\x8aP\x86\
\xfc.A \x002\x08\x1c\xe3\xb2+\x10\x08\x80\x18\xb5\
2\x95\xe9\x02\x04\x02 \x93\xb8\xb1n\xb7\x0d\x81\x00\x88\
U*c\xb9mB \x002\x0a\x9b\xe2z[\x10\x08\
\x80\x14\x952\x97\xdd\x06\x04\x02 \xb3\xa8\xa9\xee\xad \
\x88mW\x00\xc4Fj\x83\xe5\xf8e\x9bM5'\x00\
6\x15\xe9\x8e\xb6#\x00:*\xcc\xa6\xba%\x00*\x91\
\x9eL&g\xb9\x0dM\xde\xc0:\xb1\x09\x80\x8a\x0c\x87\
\x87\x87\xff\xe4\xb6\xa2(\x04@%\xeez\xbb\xa5\x08h\
\x06\xd8R\xe0\xbb\xd2\xac\x00\xe8\x8a\x12F\xfdHu#\
\x00R#6\xb0\xf2\x02``\x82\xa6\x0eG\x00\xa4F\
l`\xe5\x05\xc0\xc0\x04M\x1d\x8e\x00H\x8d\xd8\xc0\xca\
\x0b\x80\x81\x09\x9a:\x1c\x01\x90\x1a\xb1\x81\x95\x17\x00\x03\
\x11\xb4\xe90\x04@\xd3\xc8\x0d\xa4\x9e\x00\x18\x88\x90M\
\x87!\x00\x9aF\xaeE=\xfel\xde\xd1\xd1\xd1\x84\x86\
G\xcf\xefZ\xb8j]U\x00\xb4\x0ea;\x07x\xf4\
\xfc\x8a \xd0\x00\xc3\x87v\xde\xd2k\x0b\x80\xf4\x98e\
\xab\x01\x18^\x10\x84\xe9tz\x99\xad\x91\x8ac\x01P\
\x09\xc8\xd8\xde\x0a\x80\xb1)^\x19\xaf\x00\xa8\x04\xa4o\
o\xdb\xf6W\x00\xb4\x8d`\xcf\xeb\x0b\x00c\x01\xe7\xf3\
\xf9\xf3o\xdf\xbe\xbd],\x16\x1fa\x9fKc\xdal\
6{f\xdc\x5ckw\x02\xa0e\x08!\xf0K\xd8\xf2\
\xcf\xe4q\x8fK\xb9\x8fEQ\x9c\xc3\xeds\x18\x05_\
\x1a\xd3\xf6\xf6\xf6\x08\xc4}Y\xc0r\x862[\xdd\x04\
@\xc3\xf0C\xec\xa5\x98\xa8\xfe\x0e\xd6h\x03,\xef\xe1\
\xa7\x00\x08\xb3F\x0e\x0c*\x09\x80\xc4 B\xb0Rx\
\x1e\xd9\x89\xb5\xdd\xc5\x01\xc2\x09\xfc\x168M\xbcw\x97\
\xc8\x97*\x00\x22c\x8b\xf3\xf7R$\x147\x13\x1e\xbe\
\x1el8M\x9c\x11\x04\xb6\xf5 #\xe3\x1b\x01\x10\x11\
\xdc\xab\xab\xab\xd78\x7fol\x9af[l3\xa2k\
\xad\x8b\x08\x80@\x089-\xef\xee\xee\xfe\x15(f\x9e\
\xcd6\xd1v\xed\x9f\xe1\xb5jP\x00x\x22I\x018\
-{\x8ad\xcdB\xdb\xe7\xe8C\xd6u\x81\x00\xa8\x91\
\x90S0\x05\xa8\xc9\xf6%\xdf`Q\xf7\x0eu\xff\xfc\
\xfe\xfd\xfbiiLC\xa5\xe4/\x85\xc2\xcf\x19\xfb\x82\
\xbaY6\x01\xe0\x08+\x17a\x9c\x82\x1dYuI7\
\x10\xfa\x80O\xf2`\x07x\xaa\xf7\x0a\xcf\xfc?\xe1\xa9\
\xdeEiLc\x1el\x82\xb2S\x08\x1b\xfd\xc4\x8f}\
a\x9f\xea\x1ao\x93.\x00\x1c\xd1\xe3\x22\xcc\x91\xecL\
\x82\x98\x14\xfe\x00BG\x1f\xdd({\x09@\xa6\xa8;\
u:u$\xa6\xf4\xc9Q\xbd6I\x00TB\x93p\
\xce\xfd\xca\xa3\x19bF\x0b_ij\x07u/\xe9\x03\
\xe9_a\xc1\x0d\x97\x88\x9f\x83\x85\x12\x0b\x08\x80J\xc0\
05\x07o\xcfN&\x93\x0f\x10\xee\xb7J\xd5\xc6o\
\xe9\x8b>#\x1c\x98\xdf\x83\x10\x00kQ\x8f\xbc%\xfb\
\x15\xe7\xf3\x17k\xd5L^\xae|\x06g\x02\xebY@\
\x00\xac\xc9\x87\xa3\xf0d\xed\xad\xf3%\x8fVg\x86A\
b\x8co4c:\x0b\x08\x00D\x94\x1b\x8e\xfe\xe0\xd4\
\x9f\xb2h\xa3\xcf&\x866\x0eB\xf50\x0b\xbc\x0c\x95\
\x89\xcd\x17\x00\xabH\xe1\xe8\xf7\xdep\xc1\xda\xe0\x92\x8b\
\xb6U\xf1l;\xb4\xc1E%\xcd\xd7F\xe3'\x90U\
\xa7\x02\xa0\x1a\x91\x9a\xf7?~\xfc8\xad\xc92O\xc6\
,\x10}y\xd8\xb6q\x01\x10\x19A\x1c\x99\xd17n\
\x22]\xd6\x16C[\xa1\x19`\x077\x86\xf6k\x1d$\
d\x08\x00\x04\x0b\xc1\x0c-\xac\x82\x82\xc0\x8d\xf5\xe6m\
\xf3\xd1\xa3G\xa1>G\xf5G\x00 L\x8f\x1f?\xfe\
\x03\xbb\xda\x0d\xeb\x83\x8d\x7fc'\xd4&n\x0f\xff^\
\xdb\xe1\x84\x0c\x01\x80`a\x81\xf7\x14\xbb\xda\xed\xf6\xf6\
\xf6\xdf\xda\xccL\x19?\x7f\xfe\xfc\xcf\xe7\x1a}\x0e^\
\xb2\xfa\xea\x97y\x02\xa0\x8cD\xc7\xf6Xt>8\x05\
8\xba\xa75\x80#(JJ\x8c\x80f\x80\xbb\x80y\
\x8f6,\xb8L\x8e\xb6\xbb\xa6\xba\xf5\xbf\x00\x80\x1eX\
py/\xf1\xac\x16\x5ch*z\x0b-LCk\x84\
\xd8\x86\x04\x00\x22\x15\x0a&\x16\x5c\xc1\xdb\xc4pc\xba\
\x85\xdaD\x9f/,\x1a\x14\x00\x88\xe2\xf1\xf1\xf1'\xec\
|\xdb6N\x01\xde6q\xb3H\x00\xf8\x14\xb3\xce\xc3\
\xcd\x22\xaf \x96\xed\xa1-\x93K\xbc\x98>i\x06\x88\
\x89\x12\xca\xe4\xfaH\x16\x5c\xff\xb2a\xd1\x19\xfa\xe4\x8f\
\xc9\xd1\xcf\x86\x05\x00\xa3pg\xfcB\xe7\xdd+\xf7\xff\
\xfb82\xb3\xcf\x02h\xe3\x04\x8b\xd2\xfb\x19\xc0\xd5\x15\
<,2\xfb@\x8a\x00XE\xf8\xe8\xe8\xe8\xef\xd5\xcb\
\xda\x1df\x81\xeb\xdaL\xa3\x0c\xb4\x11\xfc\x06\x12\xce\xff\
\xde\xab\x96\x94\xae\x08\x80\x87\xd1\x0aN\xad\x8b\xc5\xe2\xcb\
\xc3*v\xefb|\xe3\xea\xc0\xec\xe8g\xcf\x05\x00\xa3\
\xb02\xcc\x021\xcf\xfc\x9f&|rx\xe59\xbc[\
\xf9\xf4>\x93\xa0\x17\x5c\xb1\x98>\x98\x12\x00\x8c\xeaC\
\x0b\xce\x028\x0a\xf9-^\xb3\x99\x80G>}>\xec\
\xc6\xaf\xefp\xee7\xff\xa0\x88\x00\xa8\xc49r\x16`\
\xad\xa7\x10\xae\xe0\xa2\x8do\x9a\x18\xea\xee\xd3\x07\xea\x06\
\x8f|\x00\x92\xe5#i\x02\x00\xd1\xafn)G\x1a\x17\
m\xf3\xf9\x1cZ\xce\xbc+\xf7\xf56P\x98\xc2_\xa3\
n\xf4\xa22te\xb0\xee?\xe5\xb5\x00pD\x8b\xab\
l\xdcj}\xe3\xc8r&Q\x1c\x889\xe3\xd1\x0c\xbb\
\xc6\xf9\xfc-D~V\x1a\x00)\x7f8\xea\x1a\xf9\x05\
\xcaR\xf8\xe4KJ\xd6uv\xa0E\xa2\x00\xa8\x09\xde\
\x93'O^C\xd8&\x9f\xbe\xdd\xc7t}\x0e\x91?\
\x97\x06?\xe5\x0fGE\x8b^\xd3\xad\x1dk\x08\x04@\
]\xa4\x91~xx\xf8\x0a\xe25\x81\x00\xb5\xf3m\x96\
\x10\x08\x80\x80N\x84 \xe5t\x10pg\x96m\x05\x81\
\x00\x88\x90\x84\xa7\x83\x94\x85a\x84K_\x11\xef\x87S\
\xd6+Z@ \x00\xd6#\xeay\xcd\x85!.\x11q\
F\x98\x98\xde\x88\xa94y\x8a6\xf8{\x03\x93Jz\
\xed\xdb\xb6\x10\x08\x80\xda\xd0\xba3pJX\xfe\xa6?\
\x16zf\xf7\xe3\xe1k\xe9\x13\xe2\xdf\xdf\x84\xc2\xeb\x8d\
@\x90\x1d\x00\x5c\x02\xcd\xfa`\xb8d\x8b\xbe\x8e'\x1a\
\xb8%;\xa5H\x14\x8f\xef\x1b\xd8\x05N+\xcb\xa3\x1d\
\xbe\x9c\xb3\x0a\xfd\xc7\xfam:\x13d\x07\x00s\xe6\xf2\
\xf1f\xd7\xf7\xb8d\x03\x03\xf17sJa(\x1e\x85\
*\x0d\xa2\x9eb\xac\xbcr\xe0\xd1|o\xab\x85$\xa7\
\xf8\xe5\xdf\x0aB\xf9S\x9cV\x82\xe7{\x94\xcb:\x13\
X\x00\xc0A\x96\xf1\xe8\xf5~\x05A\xf0\xb6\xaco\x90\
\x10\xf5\x02\xa7\x09\xfe\x1d \x8a}o\x5cHB\xcc`\
\xac\x5c\xbeQ/\x1b\x04\xad\x01\x00\xf1\xa6\x8f']\x01\
\xd8d\x1a \xf8\x82;y\xde\xaf\x8ao\xb2?e[\
\xb9 h\x0d\x00\x88\xe7b(8\x95\x95\x03\xe9\xc3\x1e\
\xe7u>\xed+\xba\xd6\xd7\x1c\x10\xb4\x06\x80AB\xc7\
\x82\xbfj\xc1r}3.\xac\xba6\x1b \xd6\xa6\xa7\
\x03\x13\x00(lJ\xc7X\xbe/V\xce\x06\xb8\x92\xd9\
\xf8w\x03\xeab\x94\x12\xeb\xd0\xaf\x8c\x9a\x01\xc0\xce\xb2\
c\x08\xd8\xa0\xd6\x04\x1c\x17\x0d+\xfb\xe5\x1fw\xe8\xca\
\x8c\xc0X\xb3_>\xe3\x95\x07\x17\x9f\xbe2\xa6\x00\xb0\
\xa1\xf5\xcb\x22,\x10\x0f`\xcb_\xc4\x1c\xca\xfe\xf6\xf6\
\xf6\x0d\xae\x17Oh\x1c\xef6\xcd\x07A\x8c\xf8\xec\xbb\
9\x00tZ\x1a\x16\x887\xb0\xe5'Y\x86\xb8/\xc7\
\xb9\xcd\xbd\x0b\x82X\xf1\xd9\xef\xac\x00\xb0\x01Y\x5c\x04\
\xda\x94Z\x87 E|\xb6)\x00\x18\x85\x01\x18!H\
\x15\x9f\xc3\x16\x00\x8c\xc2@,\xb4\xe0s\x0dS\x00\xb8\
\xa22\xa24\x010\x22\xb1]C\x15\x00\xae\xa8\x8c(\
M\x00\x8cHl\xd7P\x05\x80+*#J\x13\x00[\
\x16{\xdb\xcd\xff\x0f\x00\x00\xff\xff\xeb\xc0;\x10\x00\x00\
\x00\x06IDAT\x03\x00)y;[\xf0s\xbfA\
\x00\x00\x00\x00IEND\xaeB`\x82\
\x00\x00\x03\xa5\
\x89\
PNG\x0d\x0a\x1a\x0a\x00\x00\x00\x0dIHDR\x00\
\x00\x00\x80\x00\x00\x00\x80\x08\x06\x00\x00\x00\xc3>a\xcb\
\x00\x00\x03ZIDATx\x01\xec\x9bAn\xc30\
\x0c\x04\xd3\xfe#\xff\x7fX\x1e\xd2\x22\x07]\x84\xaa\x8e\
LJK\x8aS \x08\xe2\xc6\xe2rv\x90\x9b\xbf\x1f\
\xfc\x95&\x80\x00\xa5\xeb\x7f<\x10\x00\x01\x8a\x13(\xbe\
>\xbf\x00\x08P\x9c@\xf1\xf5\xf9\x05@\x80\xe2\x04\x8a\
\xae\xdf\xd6\xe6\x17\xa0\x91(\xfa\x8e\x00E\x8bok#\
@#Q\xf4\x1d\x01\x8a\x16\xdf\xd6F\x80F\xa2\xe8;\
\x02\x14-\xbe\xad\x8d\x00\x8dD\xd1w\x04(V|\xbf\
.\x02\xf4D\x8a}F\x80b\x85\xf7\xeb\x22@O\xa4\
\xd8g\x04(Vx\xbf.\x02\xf4D\x8a}F\x80b\
\x85\xf7\xeb\x22@O\xa4\xd8g\x04(R\xf8hM\x04\
\x18\x91)r\x1d\x01\x8a\x14=Z\x13\x01Fd\x8a\x5c\
G\x80\x22E\x8f\xd6D\x80\x11\x99\x22\xd7\x11\xa0H\xd1\
\xa35\x11`D\xa6\xc8u\x048\xbc\xe8\xab\xf5\xcc\x02\
\xbc^\xaf\x1f^:\x06W\x05_\xfd\xdf,\xc0\xd5\x00\
\xfe\x1f\x9b\x00\x02\xc4\xeegy:\x04X\x8e8\xf6\x00\
\x04\x88\xdd\xcf\xf2t\x08\xb0\x1cq\xec\x01\x08\x10\xbb\x9f\
\xe5\xe9\x10`9b\xcd\x80O\xa7\x9a\x05x>\x9f_\
\xbct\x0c>-z\xf4=\xb3\x00\xa3\x83\xb9\x9e\x83\x00\
\x02\xe4\xe8iYJ\x04X\x866\xc7\xc1\x08\x90\xa3\xa7\
e)\x11`\x19\xda\x1c\x07#@\x8e\x9e\x96\xa5D\x80\
eh5\x07\xcfNE\x80Yb\x87}\x1f\x01\x0e+\
tv\x1d\x04\x98%v\xd8\xf7\x11\xe0\xb0Bg\xd7A\
\x80Yb\x87}\x1f\x01\x0e+tv\x1d\x04\x98%v\
\xd8\xf7\x11\xe0\x90B\xef\xae\x81\x00w\xc9\x1dr\x1f\x02\
\x1cR\xe4\xdd5\x10\xe0.\xb9C\xeeC\x80C\x8a\xbc\
\xbb\x86Y\x00\x9e\x0b\xd4=\x17\xf8f\x7f\xb7\xf8v\x9f\
Y\x80v\x10\xef9\x09 @\xce\xde\xdcR#\x80\x1b\
J\xcdA\xd6\xa9\x08`%\x98\xfc~\x04H^\xa05\
>\x02X\x09&\xbf\x1f\x01\x92\x17h\x8do\x16\x80\xe7\
\x02u\xcf\x05\xbe\xd9\xcb\x05\xb0\x06\xe0~-\x01\xf3/\
\x806>\xd3\xad\x04\x10\xc0JPt\xbf\xd7X\x04\xf0\
\x22\x99\xf4\x1c\x04HZ\x9cWl\x04\xf0\x22\x99\xf4\x1c\
\x04HZ\x9cWl\x04\xf0\x22\x99\xf4\x1c\x04HZ\x9c\
Wl\x04\xf0\x22\x99\xf4\x1c\x04HV\x9cw\x5c\x04\xf0\
&\x9a\xec<\x04HV\x98w\x5c\x04\xf0&\x9a\xec<\
\x04HV\x98w\x5c\x04\xf0&\x9a\xec<\x04HV\x98\
w\x5c\x04\xf0&\x9a\xec<\x04HR\xd8\xaa\x98f\x01\
\xde\xcf\xa7\xf1\xd2=\x1fh\x15\xc3,\x805\x00\xf7k\
\x09 \x80\x96\xbf|:\x02\xc8+\xd0\x06@\x00-\x7f\
\xf9t\x04\x90W\xa0\x0d\x80\x00Z\xfe\xf2\xe9\x08 \xaf\
\xe0\xff\x00\xab\xffk\x16\xe0\xfd|\x1a/\xdd\xf3\x81V\
A\xcc\x02X\x03p\xbf\x96\x00\x02h\xf9\xcb\xa7#\x80\
\xbc\x02m\x00\x04\xd0\xf2\x97OG\x00y\x05\xda\x00\x08\
\xa0\xe5/\x9f\x8e\x00\xf2\x0a\xfe\x0e\xb0\xeb*\x02\xec\x22\
\x1dt\x0e\x02\x04-fW,\x04\xd8E:\xe8\x1c\x04\
\x08Z\xcc\xaeX\x08\xb0\x8bt\xd09\x08\x10\xb4\x98]\
\xb1\x10`\x17\xe9\xa0s\x10 X1\xbb\xe3 \xc0n\
\xe2\xc1\xe6!@\xb0Bv\xc7A\x80\xdd\xc4\x83\xcdC\
\x80`\x85\xec\x8e\x83\x00\xbb\x89\x07\x9b\x87\x00\xc1\x0a\xd9\
\x1d\x07\x01v\x13\x0f6\x0f\x01\x82\x14\xa2\x8a\x81\x00*\
\xf2A\xe6\x22@\x90\x22T1\x10@E>\xc8\x5c\x04\
\x08R\x84*\x06\x02\xa8\xc8\x07\x99\x8b\x00A\x8aP\xc5\
@\x00\x15\xf9 s\x11@\x5c\x84z\xfc/\x00\x00\x00\
\xff\xff\x11\x059\xe5\x00\x00\x00\x06IDAT\x03\x00\
?\xfe\x81=\xdb\x808X\x00\x00\x00\x00IEND\
\xaeB`\x82\
\x00\x00\x07s\
\x89\
PNG\x0d\x0a\x1a\x0a\x00\x00\x00\x0dIHDR\x00\
\x00\x00\x80\x00\x00\x00\x80\x08\x06\x00\x00\x00\xc3>a\xcb\
\x00\x00\x07(IDATx\x01\xec\x9d\xefU\xe3F\
\x14\xc5\x91q\x01\xe4\xbbmp\x07\xa4\x83\xa5\x82\x90\x0a\
\x16:\xd8T\x90M\x05\xc9V\x00\xa9\x80\xa4\x02\xe8 \
t 0\xfe\xbe[\x80\x0f\xce}{\xecsl\xef<\
\x8d$\x8f\xe6\xef\xdd\xa3\xb7\xc2\xa3\x99\xa7y\xf7\xfd<\
\x1a\x0b\x0d\x1e\x9d\xf0_\xd1\x0a\x10\x80\xa2\xd3\x7frB\
\x00\x08@\xe1\x0a\x14\x1e>G\x00\x02P\xb8\x02\x85\x87\
\xcf\x11\x80\x00\x14\xae@\xa1\xe1o\xc3\xe6\x08\xb0U\xa2\
\xd0=\x01(4\xf1\xdb\xb0\x09\xc0V\x89B\xf7\x04\xa0\
\xd0\xc4o\xc3&\x00[%\x0a\xdd\x13\x80B\x13\xbf\x0d\
\x9b\x00l\x95(tO\x00\x0aK\xfca\xb8\x04\xe0P\
\x91\xc2^\x13\x80\xc2\x12~\x18.\x018T\xa4\xb0\xd7\
\x04\xa0\xb0\x84\x1f\x86K\x00\x0e\x15)\xecu'\x00\x96\
\xcb\xe5G\xd8\xddb\xb1\xa8i\xf1i\xf0\xf6\xf6\xf6\x80\
\xbc\xdcta\xb8\x15\x00p\xfc\x08[\xe3\xdf=\xec\xa6\
\xaa\xaa\x0bZ|\x1a \xf1\xd7\xc8\xcb\x9d\xe4\x0a \xd4\
xm\xdd\xac\x00\x883x\xf9\x00\xe3\x96\x90\x02\x00\xe1\
b\x93\xbb\xef\xbd\xd6\xfek\x04\xa0\x8d\x03\xcd1\xcb\xe3\
P\xc0\x96C\x15\x00\xb9\xd6\xc7\x11\x02{q\xac\x02\x80\
\xe0Q\xf3\xa1\x02 \xd7z\xad\x11\xcb\x93S@\xbd\x84\
\x1b\x01\xc0\x04\xa2\xd3L299\x0a\xec0F\xf4\x8f\
\xa6\xb0\x8d\x00`\x02\xf1\x8b\xa92\xcb\x92V\xc08\x0a\
\x18\x01\xc0\xf0\x7fi\x09\xf5j\xb5Z\xcdi\xf1h\x80\
|]\xc1\xd4\xed\xfd\xfd\xbd=\x00\xaa\x97\xcd\x01$\xfe\
e>\x9f\xd3\x22\xd2@r\xb2IO\xa7\x9dq\x04\xe8\
\xe4\x81\x95\xa3V\xc0\xd69\x02`S(\xf3\xe3\x04 \
\xf3\x04\xdb\xc2#\x006\x852?N\x002O\xb0-\
<\x02`S(\xf3\xe3\x04 \xf3\x04\xdb\xc2#\x006\
\x852?N\x002Mp\xdb\xb0\x08@[\xa52\xad\
G\x002Ml\xdb\xb0\x08@[\xa52\xadG\x002\
Ml\xdb\xb0\x08@[\xa52\xadG\x002Ml\xdb\
\xb0\x08@[\xa52\xadG\x00\x0c\x89\xad\xeb\xfaC\x17\
3\xb8\xd8+\x82\xaf3\x98\xe6\xf3l\xaf\xf2\xce\x0b\xb4\
\xb9\x84\x99\xda\xa9mv\x9a\xb7\xfa1\x18\x00\xf2\xa82\
lm\xb2\xa6\x9e\xa3\xfe\xf7UJ\xd8\x1b\xdbj\xe5\x10\
\xf2\xa2\xc9\xaf\x1cC\xdb\xaf\xb0\xf5x<~\xecb\xd2\
f\xb1X4\xad\xc4\xb9l\xf0\xf7 \xe76\xd9\xe9\xe9\
\xe9\x83\xa9\x1d\xea\xa6\x0f\x00\x82\xe8\xbc\x89\xd0hd|\
\xb6\x0d\xe5\x8d\x1b\x84\x04\x03\xb5\xfa\xac\xe3&\x81\xbd\x85\
\xad\xaaJV\xe2\xa8\xcf\xdf7t\xaeW<\x0d\xfe:\
\x1d\x0a6\x02t\xea%*/\x97\xcb;\xec\x8e\xda\x00\
\xc1\x7f\x9a\x03I\xa0v\xacCy\xafd\x02\xbe\xeb\x0e\
\xe7pZ5\x19\x00\xd6\xeb\xf5`k\x1504\xf4J\
\x9c\xabL\x00>\xf52\xe0\xea\x1c\x9a\x9fd\x00\xd0\x02\
\xc8\xa5\x1c\x10\xf6\xbe\xfc\x1c\xa3\x01\x018F=\x87m\
qy\x0a2\x0a\xe4\x00\xc0\xd3j\xb5\x92\x85*{\xe6\
*7\xd3\xe9\xb42\x99+\xff;~\x82\x5c\x86\x92\x07\
\x00\xd7OY\xa0\xf24\x9f\xcf\xf7lG\xd8d~\xc4\
\xa7\x9c\xde\x10\xf4\x0d2y\x00\xfa\x06\x1ei\xbb>\x1f\
#\x8f\x0a\x85\x00\x1c%_\xfa\x8d\xb3\x05\x00\x1f\x1b_\
L\x16{\xcap\x19\xf0:\x0ad\x0b\xc0l6\x9b\x9b\
,v\x00\xd0?\xaf\xf3\x80l\x01\x80\x90\xc9n\x18\x05\
\xbcA\x90<\x00\xb2\xee]n\x13k\xf6\xfa\xfa\xfa\x19\
7Y\xac\xbf\x08\x8a\x8c\x16o\x97\x81\xe4\x01\xc0\xc7\xc0\
\x0b\x5c\xebo4\x1b\x8dF\xbf\xe3&K\x8dw\xd5\xd7\
\xc8\x92\x1cEwR\x02\xe0\xdb\x91\x8a\x9d\xe1\x97.\xf5\
\x91>\x5c7\x7f\xd2\x1c\x02\xd8V\xa3\x80\xd6\xbemy\
2\x00\xe0n\xdf\xcfm\x83\xd2\xea\xc9h\xa1\x1d\x0bX\
\xae\x81\xede\x1e\x90\x0c\x00\xb8\xd3\xf7\x82\xeb\xfd\x1f\x01\
\x135\xc8\xa9\x01\xf6\x5cs\xec\x03X\xa7\x00\xc8d\xcb\
dZ\x80]\xcb\xcf\xcf\xcf?\xcb}y\xb4\xfb\x04q\
\xee\x9b\x0cu\x92\xd8\x00\xb66\x02x\xe9\xbf3\x00$\
\xf12\xd92\x99\xebH\x00\xc1\x97\xc9dr\xdbd\xae\
\xcf9\xa4\xbf\x90#\x9b3\x00\x86\x14(w\xdf2\xb2\
\x85\x8a1\x19\x00d\x06o2|\xfe\xff3\x94x\x8e\
\xcf\x1b\xe4R\x90\x0c\x00\xb8\xde\x1b\xbf\xa3\x00I\x08\xf2\
$\x0d\xce\xebtk\x9a\x0c:=\xd1\x81\xb3d\x008\
\xe8wv/\xbbN\x06]\x09@\x00\x5c)\xe9\xc0O\
\x88\xc9\xa0\x17\x00\xf0\x09\xe1\x87\xd5-\xd0\xcb\xc9\xd0\x8d\
[\xc0\xc6U7\xf0\x9f\xdc\x16b2\xe8\x05\x00|4\
\xfca\xa5\x0d\xb2\xa3.\xd2\xc0\xb1.\xdb\xb5\xe2\xbf\x8b\
\x0f\xb5.n\xc9\x1aW \xa9\x0d\x8e?\xe0u2\xe8\
\x05\x80\xe35)\xc7\x83\xef\xc9\xa0K\x00\xbc\x92\x9b+\
\x12\xbe'\x83\xce\x00p\xd5q\x5c\xd3oM\xc9\xc5\xc7\
\xc0\xbfL\xe5.\xca\xd0w\xf5\xb7r.\xfcw\xf5\xe1\
s2\xe8\x0c\x80M\x90\x8d_Z\xb0\xa9\xd3\xb8\x9b\xcd\
f\xf7\xa6\x0a\xb8\xed\xfb\x9b\xa9\xbcK\x99exu1\
\x829\x01\xc9\xe7d\xd0)\x00\xb8G/\x8b4\xd4\xdf\
nY\x92\xf5\x84\xf6US\x9d\xcd\xf1^\x22K\xf2\xf1\
N\x7f\xd1\xfc\xc3\xf7O\x18}\xd4\xe3Z\xbb\x9d\xf2g\
\xf88\xfa\x0d\xb0\xe3\xcf\x08\xe4\xceq'?:\x05@\
z$\x22C\x08\xe3j\x1aKy+\xf1\xe0\xe3\x0a\xd6\
\xd9\xbf\xf4K\xfa\xd7d\x18}\xe6\xe2\x1b\xb0\xec\xad2\
\xb2\xbd\x966\xb0\xa6\xe7\x15\x9e\x15\x1f\xea\xa8\x86\xfa\xf2\
\x95<\xc6~\xb4\x89\xa5)\xce\xddc\xce\x01\xd8u\x9e\
\xea\xcf\x10xo\x95\x91\xed\xb5-N\xb4\xff\x063\xf9\
|\xd6\xda\xa2\xbe\xd6\xa6\xd7\x08\xa8\x9d\x87\x00h\xca\x14\
RN\x00\x0aI\xb4\x16&\x01\xd0\x94)\xa4\x9c\x00\x14\
\x92h-L\x02\xa0)SH9\x01H$\xd1Cu\
\x93\x00\x0c\xa5l\x22~\x09@\x22\x89\x1a\xaa\x9b\x04`\
(e\x13\xf1K\x00\x12I\xd4P\xdd$\x00C)\x9b\
\x88_\x02\x90H\xa2\x86\xea&\x01\x18J\xd9D\xfc\x12\
\x80\xc8\x135t\xf7\x08\xc0\xd0\x0aG\xee\x9f\x00D\x9e\
\xa0\xa1\xbb\xd7\x0b\x80\xf1x|Q\xd75-\x22\x0d$\
'}`1\x020\x1a\x8dlO\x9d\xc8B\x8f\x1a'\
\xa5\x8d\xc7Qh\x80\xe47\xfeM\xa1\xaa\xaa\x8cO\x1f\
\x8d\xd0\xd0\xb4\xd9\x000\xb5aY\xc4\x0a\xac\xd7\xeb\x7f\
M\xdd3\x020\x99L\xfe6UfY\xba\x0a\xcc\x94\
\xc7\xed\x8d\x00l\xc2\xe4(\xb0\x11\x22\x83\x9d\x9aK\x15\
\x80\xe9t\xda\xea1\xed\x0c\xc4\x892\x04\x97\x9dj\xca\
\xa5\x0a\x80t\x00\x0d+\xd9\xd3\xd2U\xc0\x96\xc3F\x00\
$lq\x80\x19\xa4q\xb9\x96\x1c\xa7E\xab\x80u\xa5\
\x95\xf4\xdc\x0a\x80T\xc2\xa4\xf0V@\xc0LR\x16n\
\xfe\x83\xbd\xf1o\xf1\xb3|\x1dT\x97\xcd\x1b\xf5\x93\xe4\
\x0a\xd6\xea\x12\xde\x0a\x00\x81@Lf\x92p\xfc+\xf6\
\xc6\xbf\xc5\xcfr\xf3w\x14\xf8\xd2e\xf3F\xfd\x22\xb9\
jk\x9d\x00h\xeb\x94\xf5\xd2Q\x80\x00\xa4\x93\xabA\
zJ\x00\x06\x915\x1d\xa7\x04 \xb2\x5c\xf9\xee\x0e\x01\
\xf0\xadxd\xe7#\x00\x91%\xc4ww\x08\x80o\xc5\
#;\x1f\x01\x88,!\xbe\xbbC\x00|+\x1e\xd9\xf9\
\x08@d\x09\xf1\xdd\x1d\x02\xe0[\xf1\xc8\xceG\x00\x22\
IH\xa8n\x10\x80P\xcaGr^\x02\x10I\x22B\
u\x83\x00\x84R>\x92\xf3\x12\x80H\x12\x11\xaa\x1b\x04\
 \x94\xf2\x91\x9c\x97\x00D\x92\x88P\xdd \x00\xa1\x94\
\x8f\xe4\xbc\x04 p\x22B\x9f\xfe\x7f\x00\x00\x00\xff\xff\
\xffm\xe7)\x00\x00\x00\x06IDAT\x03\x00*=\
`\x88\xd3\xc02B\x00\x00\x00\x00IEND\xaeB\
`\x82\
\x00\x00\x0cV\
\x89\
PNG\x0d\x0a\x1a\x0a\x00\x00\x00\x0dIHDR\x00\
\x00\x00\x80\x00\x00\x00\x80\x08\x06\x00\x00\x00\xc3>a\xcb\
\x00\x00\x0c\x0bIDATx\x01\xec]\xdbu\xd4H\
\x10\x1d\x19\xff/\xfe\xe75\x19@\x04\xbbd\x00\x11,\
D\x00D\x80\x89\x00o\x04x#\x80\x0c`#\xb03\
\x18\xdb\xc3\xbf\xfd\x8f\x8f\xb5\xf7\xea\xa8\x85\x8e\xa6\x1f\xd5\
\xad\x96F\xb2j\xcf\x14\xad\xe9.UW\xdf\xba\xfd\x94\
<{\xb0\xd2\xff\x16\x8d\x80\x12`\xd1\xe1_\xad\x94\x00\
J\x80\x85#\xb0\xf0\xe6\xeb\x08\xa0\x04X8\x02\x0bo\
\xbe\x8e\x00J\x80\x85#\xb0\xd0\xe6\x9bf\xeb\x08`\x90\
Xh\xaa\x04Xh\xe0M\xb3\x95\x00\x06\x89\x85\xa6J\
\x80\x85\x06\xde4[\x09`\x90Xh\xaa\x04Xh\xe0\
M\xb3\x93\x08\xb0\xddn\xcf6\x9b\xcdscD\xd3\xf9\
\x22\x10M\x00\x06\x1f\xcd}~xx\xa8$\x00\x10s\
\xfbt\xfd\x8d\x22\xc0\xd5\xd5\xd5\x06\x06\x9a\x9e\xaf$\x00\
\x1a3\xff\x88\x09\xc0\xe0\x17E\xf1\xac\xdb^\x92\x00e\
o\xba\xf9\xfa}\x1e\x08\x88\x08\x80\x00ol\xc17M\
D\xd9\x17\xe8(\x09\x0c 3J\x83\x04@`\xbd\xc1\
7mU\x12\x18$\xe6\x95\x06\x09\xf0\xe4\xc9\x93\xb5\xb4\
IJ\x02)R\xd3\xd1\x0b\x12\x80\xae>~\xfc\xb8`\
*\x11%\x81\x04\xa5\xe9\xe8\x88\x08@w\x95\x04D\xe1\
\xfe\x89\x98\x00l\xba\x92\x80(\xccS\x5c^G\x11\x80\
F\x94\x04D\xe1\xfeH4\x01\xd8t%\x01Q\xb8\x1f\
\x92D\x006]I@\x14\xe6/\xc9\x04`\xd3\x95\x04\
Da\xde\xd2\x8b\x00l\xba\x92\x80(\xccWz\x13\x80\
MW\x12\x10\x85yJ\x16\x02\xb0\xe9J\x02\xa20?\
\xc9F\x006]I@\x14\xa6%!o\xb2\x12\x80\x95\
)\x09\x88\xc2|$;\x01\xd8t%\x01Q\x98\x87\x0c\
B\x006]I@\x14\xa6/\x83\x11`\xb3\xd9<D\
\xf3o \xa2\x8f>E\x14\xc1\x94]i\x10\x02\xf0%\
\x92\xc3\xc3\xc3kxK\x12 \x91}\x94\x042\x9cr\
je%\xc0\xe5\xe5\xe5\xf1v\xbb-\x11\xc8\x9dw\x07\
\xa5N\xe3^}\xbdL\x0aV\x06\xbdl\x04@\xe0\xaf\
\x0f\x0e\x0e>f\xf0i\xa5$\xc8\x81\xa2\xccFo\x02\
`\xae\x7f\x86\xe0\x97\xa8.j\xb8\x87\xbe\xf7\xa3$\xf0\
\xc2\x13,\x94*\xf4\x22\x00\xe6\xfa7\x98\xeb7\xd2\xca\
b\xf5H\x02L+\xefc\xefS}9\x02\xc9\x04@\
`\x8e\x19 yU\x8d\xe6\xf9\xed\xed\xedQ\xf3-p\
\x81i\xe53\xeb\x0a\xa8iq\x22\x02I\x04`\xcfG\
`\xa2\xe6\xfb\xbb\xbb\xbbO<\x1b\x80\xbcX\xaf\xd77\
H\xc5/\x9a\xb2.%Ab\x84\x03\xb7E\x13\x80s\
~d\xcf\xff\xc1`?}\xfa\xf4\xb8\xeb\x0b\xf3\xbby\
\xae\xefJ\x02\x172\xfd\xf2\xa3\x09\x103\xe7s\xa8G\
\x90_\xfa\x5cD\xb9\x8e\x04>\x80\x06.\x8b\x22@\xbd\
\xda\x0f\xbaT\x96\xe5\x05\x03\xcb\xa1>\xa8\x0c\x05\xea\x22\
\x11}t$\x10\xc1$V\x12\x13\x00s\xb0t5~\
\x1e\xf3\xd7D\xc6S%\x81Ab\xdcTL\x00\xf4\xbc\
\xcf\x02\xd7\xce\x11\xc8\x17\x02=\xab\x0a\xee\xd5\xe9\xc0\x8a\
\x8c<3VSD\x00\xac\xfa%{}\xae\xec\x93\x83\
o\x1cW\x12\x18$\xc6IE\x04\xc0\xaa?x\xb6\x8f\
\xc0\x89\xf7\xf6\xa1\xa6\xc1\x96\x8e\x04!\x902\x95\x07\x09\
 \xec\xfd\xde\x95~\x8a\xafC\x92\x00[\xd9\x87\x5c\xd0\
\xde\x17a{R0\xe6=A\x02\x08{\xff\x0f\x1a\xcb\
-C\x91\x80\xbb\x13nQs\xfb\xbb/{\xd8\x9a_\
\xa7\x92\xc0K\x00\xac\xfcw\x0eo\xba\x8d\x04\x90\xe2\xdf\
\x0f\xe8\xde+\xf9\xae$\x90\xa0\xb4Z\xa5\x92\xe0\xc0g\
\x1e+\xff\xe0q/z\xd3\x85\xcfF\x8e2%\x81\x0c\
\xc5\x14\x12x\x09\x10\xaa\x16\xbd\xbf\xf7\xaa?T\x87)\
W\x12\x18$\xfci,\x09\x9c\x04\xf8\xf9\xf3gp\xdf\
\x8f\xde\x7f\xeewGV\xca\xf9\x0b\x0b\xb2\xaf\x90\xb2+\
m?\x94\x04n<\xdb%1$p\x12\xa0,\xcb\xd0\
\xc9\xdf\xb7v\xa5\xa9\xd7\x08\xf8w:\x8c\xfb_Av\
>\xf4\x03:\xa5Y\x8f(\x09v \xb2f\x10Sv\
,ka+\xd3I\x80\x96\x8e\xf5\x12\xc3\xff[kA\
D&\x03\x0b\xf5\xbf \xc1\x0f\xd7#\xd0?\xa3\xa2\x92\
\x80(\x84EB\x82d\x02`\xf8\x17\xbf\xf2ms\x15\
\xc1\xe4[\xc3\xb6\x22_\xdes3%\x0cI\x02\xda\x9e\
\xb2\xa0\xf3\x89\x0f\xddB$\xb0\x12\x00CG\xf3s\xb0\
\xbeh\xa4\x96\xd5\xc3y\xd2;\x84\x9c\x12\xe0_u/\
\x83$\xf5\x81#H]\xaf\xf4\x96\xc9\xea\xb1\xf3\xe5\x22\
\x81\x95\x00`\xcd\x9f\x81\xd6\xf7:\xf8a0\x02\xf6\xbd\
\xc5\xf0\xafy6\xa1$\xf0B\xd5\x14\x02\xb3k\xd3q\
\x9aL\x5cX\x09\x80\xd3?\xef\x08pww\xf7\x1f\xee\
M\xfa\xc0\x09\xd1\x9c\x1f0^\x8d\x00FGI`\x90\
\xf0\xa76\x12X\x09P\x96\xa5\xf7\xe1\xcf\x83\x07\x0f\x9a\
\x1e\xe8\xafr\xb7\x14N\xbc\xdb\xcd\xed\x9f\xa3$\x90a\
\x08\xfc\xaf\xd1\x09\x9b\x0ed%@\xc8\xd4\xaf_\xbf.\
C:\xae\xf2\xb2,\xbd\xa3\x8b\xeb\xben>\x1a\xb1c\
g\x89$ .}\xd6\x04I\x04`\xa5\x13\x90\x86\xc5\
m_\x94\x04m4\xdc\xd7f$p\x11\xc0\xbb\xc5\xc3\
\x14`\x05\xdf]\xdd\xef\x12\xac/\xb2\x9c\x1e\x82\xf5\xce\
\x85\xe8\x92I\xf0\x1b\xe9\xf0\x15\xe2xf%\x00\x82\xe4\
%\x00V\xf1\x7f\x84\xcd;5\xfeq\x96d,X\x1a\
\x090%V\xef8H!\xc4T|\xc1w7\xad\x04\
@a\xa8\x97&\xaf\xe4\x11\x18g\xcf\x8dq^\xa2\x8b\
\xba&\xf9f\x11\x83uuu\x95\xed\x7f\xb0\x01{\xcf\
8\xa4K0\xa9u~0\xf8\xbc\xb6\x12\x00\x87\x0c\xde\
m\x1e\x08b=\xb7\xa7A\x89`\x1b\xf9I\xa2\xe7\xd2\
1\xce\xbb\xca\xdb\xf9S#\x01\x0e\xa3\xde3X\x18e\
\xbf\x80\x04\xc9\xbb)\xd3\xc6:\xf8b;\xc4\x1e\x984\
opY\x09\x80\xf954\x02$\xaf\x01\xe8x\xfdW\
B\xdei\x86z6a\x03l\xf9\xbe<4x\x12#\
\x01\x8f\xbf1}6OYA\x82\xea/\xab\x11\xc4$\
<A\xa0W ST\xf0k\xec\x1b\xb8\xac\x04hJ\
\x07\xbc@P\xc4\xe7\xd9\xc6\x0d\x00v\xdam\x80)\x0b\
\xa5\xa8oo$@\x80\x9f#\xf8%|\xb4\x06\x1aA\
\xbc\xe6\xc8\x80r\xf1\x07\xfa\xfc\xe3\xdc\xaf\xe2\x1bV\xab\
\x976\xec\x92\x09\x80\x06\xf5>\xd0aP0\x9d\x88\xde\
(\x82\xde\xdbG\x8f\x1e\xf5z\x02I\x02I\x01CO\
\xfdH\x90\xa5\xfa.=\xe0\xc4\xc7\xdd\xd5SL\x97\x0e\
\xf3Q\xdfg\xf4hQo\xa6_\xd0\x0f\xbe\xadE\xbb\
\x14L\xe9k`m]{9\x09 \x00\xeb\x84\xc6\xfb\
\x0a\xe7s8\xc7\xdei}\xbf\x80C>\xcb\xa1w\xda\
\xb7.\x90(j\xe1E\x90\x09vJ\xbd\xe8\xf5fU\
.^0\x03s3%<s\xd5\x89\xa7\xa1_\xe8\x97\
\xab\xbc\x9b\x8f\xe0\x1faJwv2'\x01p\xda\xd7\
k\xa1\xd6u$\xf4\x1dA~\x0d)\xbab\x1b\xb6B\
\xb6l\xe5\x08\x88\x13T\x9b\xbe\xc9#\xd8\xb1$\x80~\
\xb5\xd036bSL\x09\x1b\xd8\xd8y!\x17\xa3\xc9\
Y\x0c\x89\x89%\x82\xef]k9\x09\x80\x1b\x9d\xac1\
\x0d\x92\x0eYF\x7f\x9f)@\x0d\x0e\xc3.\xffbI\
\x00\xd2\xf6\x1e\x1dYg\x1b\xdf\xfaz\xe7\xf8\xdb\xe53\
\x83\xef*k\xe7;\x09P+Y\xe7\x8d\xba\x8c?\xe6\
\x94\xd4\xab\xcc\xfdc\xa5\x9b\xcd\x86~Z\x17`R\x1f\
\x18\x10[\xaft\xdd/\x0d\x80\xeb~\xe6\x17EQM\
\x09\xe8\xf9\xd7\xbcf\x9eDb\xea\xf6\x12\x00\xf3\xc7\xeb\
P\x85t.\xa4\xb3\xefr\xf4\xfeM\x0e\x1f\xf6A\x82\
\xdao\x11y1=T\x7f\x96_\xdf#J\xbc\x04\xc0\
4\xc0\xf9\x83\xe23\xf6\x10\xc3S\xaf\x83!\x9f\xf1\xbe\
e\xe8\xb5\xef\xfb\xdah\xdf\x9f\x83\x04\xe8\xcd'\x94\xb6\
\xdd\xbe\xd7\x0c>\x16\xca\xd1\x7f\xa4\xe3%\x00\x9d\xc2(\
\x10|\xf7\x1f\x8d\x89\xd9\x8f\xd2\xech\x82\x805\x07/\
\xaeJ9dR\x5c\xe5\xdd|\xd8\x8c\xda\x22\xb6m\x03\
\xcf5\xb6\xb3\x1f(\xbc\xee\xdaN\xfc\xde\x1c\xed\xc6\xde\
\x1f$\x00F\x01.\x06C\xa3\xc0\x0aS\x01\x0f:b\
\xeb\x1fT_\xe2\x13{\x8eq\xa2\x1d(\x93\xe7JS\
H@\xfb5\x9e\x95Y^3\xaf\xedCU\xe0\xf9\xa7\
[To\x93\x9b\xa3\xddny\xe8{\x90\x004\x00'\
E\xa7v\x12\xc0io\x0c\x91\xfa\xd2\x1d6\xd1V\x9e\
I\x88\x5c\x8c%\x81\xcb(}` ]\xe5\xae|\xdc\
\xf3\x01;\x8e\x9d\xed\xa2K\xdf\x96/\x22\x00o\xc40\
/:\x88\x01\xf0)\xaf{\xb3\x8al\x22\xf5\xc1\xd5\xa6\
}\x90\x80\x81\xc4\x94 \xeah\x04\x0a\xba/pO\xff\
\xed&\x8dI\x04s\x96\xf4\x18\xd6\x9c\x80I\xccf\xd7\
A\xf09\x15\x89V\xcd\xbe6\xed\x83\x04\x98\x12\xf8+\
+EhJ@\xf0\xa1\xba\x0e=\xb0\x13a+\x1e\x01\
h-\x06\x14\x06\xa2\xde\x7f\xf3\xd6\xc1\x05\xf5\xfd\x05a\
\xf0\xa5u\x05\xe7\xcd\x98\xf6\xe6\x9a\x0e\xe8<\xa7\x04\xa4\
V\xff\x10\xfc#D\x9f\xeb2\xa8\xf4\xffD\x11\x80\xd5\
\xc1\x815S\x89p\xff\x8d-b\x96=\xb8\xaf>\x04\
\x9e\xd3\xcew\x9fN\xbb\x8c=\x0c\xc1\xf5\x1er\x19}\
\xe8\x8d\xbe&`\xdd\xa8\xb7\xfa\x81M^\x1bA^\x81\
\xe0\x07\x17\xe4F_\x92F\x13\x00\x0e\x5c\x00@\xe9t\
P\x9d\x16\x22@\xcd\x1fwJ\x9c\x92\xea\xc0\xeew\x08\
{\xbdh\xc87v\xeb\x1ef\xbe\x06S\x02\x1fT\xaa\
\x15r\x8e\x044\xc9\xba\x8b\xa28a\xca\xef\xb9%\x9a\
\x00t\x00\x00\x9eb\x05\x1a\xf5\xb0\x88\xc00X\x90\xaf\
\x98\x1a\xa2\x02\xc6:\x8d\xf0^\xd80\x81\x17?i3\
\xf7\xa7\x02\x19s\x1f\xdb\x8a\x03\xa8^\xabs\xe3/S\
\xacU>0\x1dB\x92\x08@G\xb0\x02=\x06\x09R\
\x1c\xe3[,\xd7\x08b\xc9\xe9\x01\xe9;\x06\x956]\
\x82G\xa0\x7fC\xef\x0cRbZ\xe1p\x1f\x1dx\xda\
\xc6\xf4%^eS\xbf+\xfb$A\xd7\x97\x5c\xdf\x93\
\x09@\x07@\x82\x13\x80\x1a<)\xa4\xaeM0\xb4\xf1\
!\xcd\x09\x83\xca\xe0\xba\x04S\x0e\xb7\xa0\xe2'a\xb6\
\xba\xe0\xe7\x11\xa6\xaf\xde\xf3g,\x09@\xde/6\x7f\
\xa6\x92\xd7\x8b\x00l\x04@\x8d\xfa\xfd\x7f\xde3\xb60\
h\xf0\xb3w\xf0\x8d\xdf\xb4g\xaeC)\xc8\xfbf\xca\
$\xe8M\x00\x02@p\x09\x0a\x1a\x9bm{B\xbb\x19\
dg%\x9d\xc1fe\x82\xed\xad.\x04\xff\x00\x97\xc9\
\x92 \x0b\x01\x0c\x06X\x1c\xae1\xd4\x8a\xb7\x89\xe6\xbe\
!R\xf8q\x84 Y\xf7\xd2\xb9\xea\x83}\xf1\x16q\
\xaa$\xc8J\x00\x02\x8b\xd1\xa0z&\x8d\x06\x8b\xb7\x8a\
\xbc/\xa3\xbcd`\xe0G\xb6!\xdf\xe7\x1b\xeb\xf2\x95\
\xb7\xcb\x80\xc9\xe4F\x82\xec\x040\x0d\xc6hpJp\
\xd0\xe81\x88p\x83\x1e\xcf7_\xf9N\xa1\xe8\x80\xc7\
\xf8\x99#e;\xa5v\x80\xc7\xa4H0\x18\x01\x0c \
\x86\x08\x04\xa9(\x0a\xae\xe6MQ\xdf\xf4\x06\xf6\xde\xd0\
.\xe4\x08=~\xaf\xeb\x0f\xf8PH\x1b4%\x12\x0c\
N\x806(8\xd0xK\xa0(\xec\xb18G\xe0a\
\x92\xb4\xc7~+\x8a\xc2\x04\x9c=\xfd\x08\xf6\xfem\xdb\
\xdf\xf75\xdb%\xf5AJ\x02\xa9\xbdT\xbdQ\x09\xd0\
vr\xbd^_\xe0\x1c\xe1\x18\xa0Us6R\x06\xd5\
'\xaf\xa7\x16\xf0v{\xcc5\xdba\xaeC\xe9\x14H\
\xb07\x02\x84\xc0\x99s\xf9\x9cH\xa0\x04\x18\x88is\
!\x81\x12` \x02\xd0\xec\x1cH\xa0\x04`\xa4\x06\x94\
\xa9\x93@\x090`\xf0\x8d\xe9)\x93@\x09`\xa24\
p:U\x12(\x01\x06\x0e|\xdb|\x0c\x09\xc6\xda\x22\
*\x01\xda\x11\x1a\xe1zj$P\x02\x8c\x10\xf4n\x15\
S\x22\x81\x12\xa0\x1b\x9d\x91\xbeO\x85\x04J\x80\x91\x02\
n\xab\xa6&\x81\xe8\xb1\xf5Pk\x02%\x80-2#\
\xe6\x81\x04|Quo$P\x02\x8c\x18lWU\xfb\
$\x81\x12\xc0\x15\x95\x91\xf3\xf7E\x02%\xc0\xc8\x81\xf6\
UG\x12\xa0\x5c<\x1dl\xb7\xdb\xe4\x1f\xbeB=\xd5\
G\x09P\xc10\x9d\x7fbH\x00\xaf\xf9\x0b\xa4\xbdH\
\xa0\x04\x00\x8aS\xfb\x8cI\x02%\xc0\xd4\xa2_\xfb\x13\
K\x82\xd0\x9f\xd7\xd5fw\x12%\xc0\x0e$\xd3\xc9\x90\
\x92\xe0\xf6\xf6\xf6h\xbd^\x8b\xd6\x0e\xdd\xd6)\x01\xba\
\x88L\xec{\x88\x04}\x82\xcf\xa6*\x01\x88\xc2\xc4\xc5\
E\x82\xbe\xc1g\xb3\x95\x00Da\x06\xd2%A\x8e\xe0\
\xb3\xd9J\x00\xa20\x01\x91\xb8`H\x90+\xf8\xacS\
\x09@\x14f$$A\xea\x82\xcf\xd6L%\x80\x0d\x95\
\x05\xe5)\x01\x16\x14l[S\x95\x006T\x16\x94\xa7\
\x04XP\xb0mMU\x02\xd8PYP\x9e\x12`A\
\xc1\xb65U\x09`Ce\xc4\xbc}W\xf5?\x00\x00\
\x00\xff\xffO#\xa2X\x00\x00\x00\x06IDAT\x03\
\x00V\xce?[gR\x22\x1a\x00\x00\x00\x00IEN\
D\xaeB`\x82\
\x00\x00\x05\x16\
\x89\
PNG\x0d\x0a\x1a\x0a\x00\x00\x00\x0dIHDR\x00\
\x00\x00\x80\x00\x00\x00\x80\x08\x06\x00\x00\x00\xc3>a\xcb\
\x00\x00\x04\xcbIDATx\x01\xec\x9a\xd1Q\xdb@\
\x10\x86\x91\x81\xf7\xf0\x0e\x1e\xbb\x83\xa4\x83\xd0AZH\
\x07\xe9 \x93\x0a\xd2\x02\x1d\xa4\x04RB:0\xd8\xbc\
\x87w\xf0(\xbb3\xd1\xc00H:\xdd\xed\xdd\xed\xee\
\xfd\x19v\xec\xf8Nw\xfb\xff\xffg\xa1\x91X\x9d\xe0\
_\xd3\x0e\x00\x80\xa6\xe3?9\x01\x00\x00\xa0q\x07\x1a\
\x97\x8f3\x00\x00h\xdc\x81\xc6\xe5\xe3\x0c\x00\x00\x1aw\
\xa0Q\xf9\x83l\x9c\x01\x06'\x1a}\x05\x00\x8d\x06?\
\xc8V\x0d\xc0n\xb7\xfb@\xb5i\xa5\x86PJ\xbe\xaa\
\x03\xe0\xfe\xfe\xfe\xdb\xe1p\xe8\xb9\xce\xce\xce\xfeR\xed\
Z)\xd6<\x14C_\x02\x04U\x00\xb0\xf8\xd5j\xf5\
\xb3\x84p\xed{0\xf4\x0f\x0f\x0f\xd9\xbdP\x03\x00\x87\
\xaf=\x94\xd2\xfd\xf5}\xcfg\xc3\xdb\x9c\xfb\xaa\x00`\
\xbf\xdf\xefr\x8a4\xbe\xf6g\xf2\xe7K.\x0d\xd5\x01\
\xe0\xdfu]\xd7mr\x09\xf4\xb0.\xf9\xf3KJ\xc7\
\xdbu\xaa\x03@\xbf\xeb\xb2\x89{+\xd6\xf2\xff\xf9\x8b\
\x92\xa3\xff\xea\x00\x90\xa8\x8fT\xf8\x99q\xe0\xfc\xfc\xfc\
\xfb\xcc\x94\xa8a\x0d\x00L6N\x17Bw\xad\xd4\x94\
\x11\xe4A\x96/\x8az\x00\xd6\xeb\xf5\xb6\x85:\x1e\x8f\
\xd73\x00|\x98\x1a\x8f\x1dS\x0f@\xac0\x1c\x17\xe6\
\x00\x00\x08\xf3\xc9\xed,\x00\xe06\xda0a\x00 \xcc\
'\xf3\xb3\xc6\x04\x00\x801g\x1a\xf9\x1c\x004\x12\xf4\
\x98\xccd\x00\xf8\x0e\xd5T\x8dm\x8c\xcfu8\x90\x0c\
\x00\xdd\xca\x9d|^\xafC&\xba\x18s \x19\x80\xb1\
\x85\xf1\xb9\x0d\x07\x00\x80\x8d\x9c\xb2u\x09\x00\xb2Yk\
ca\x00`#\xa7\xe8.\xe7\x0e\x04\x00s\x0e9\x1f\
\x07\x00\xce\x03\x9e\x93\x07\x00\xe6\x1cr>\x0e\x00\x9c\x07\
<'\x0f\x00\xcc9\xe4|\x1c\x008\x0fxN\x1e\x00\
\x98s\xc8\xf98\x00p\x1ap\xa8,\x00\x10\xea\x94\xd3\
y\x00\xc0i\xb0\xa1\xb2\x00@\xa8SN\xe7\x01\x00\xa7\
\xc1\x86\xca\x02\x00\xa1N9\x9d\x07\x00\x9c\x06\x1b*\x0b\
\x00\x84:\xe5t\x1e\x00p\x16\xecR9\x00`\xa9c\
\xce\xe6\x03\x00g\x81.\x95\x03\x00\x96:\xe6l>\x00\
p\x16\xe8R9\x00`\xa9c\xce\xe6\x03\x00g\x81.\
\x95\x03\x00\x96:\xe6l>\x00p\x12h\xac\x0c\x00\x10\
\xeb\x9c\x93\xe3\x00\x80\x93 ce\x00\x80X\xe7\x9c\x1c\
\x07\x00\x9c\x04\x19+\x03\x00\xc4:\xe7\xe48\x00\xe0$\
\xc8X\x19\x00 \xd69'\xc7\x01\x00\xe3A\xa6\xb6\x0f\
\x00R\x1d4~<\x000\x1e`j\xfb\x00 \xd5A\
\xe3\xc7\x03\x00\xe3\x01\xa6\xb6\x0f\x00R\x1d4~<\x00\
0\x1e`j\xfb\x00 \xd5A\xe3\xc7\x03\x00\xa3\x01J\
\xb5\x0d\x00\xa4\x9c4\xba\x0e\x000\x1a\x9cT\xdb\x00@\
\xcaI\xa3\xeb\x00\x00\xa3\xc1I\xb5\x0d\x00\xa4\x9c4\xba\
\x0e\x000\x1a\x9cT\xdb\x00@\xcaI\xa3\xeb\x00\x00c\
\xc1I\xb7\x0b\x00\xa4\x1d5\xb6\x1e\x000\x16\x98t\xbb\
\x00@\xdaQc\xeb\x01\x00c\x81I\xb7\x0b\x00\xa4\x1d\
5\xb6\x1e\x000\x16\x98t\xbb\x00@\xdaQc\xeb\x01\
\x00#\x81\xe5j\x13\x00\xe4r\xd6\xc8\xba\x00\xc0HP\
\xb9\xda\x04\x00\xb9\x9c5\xb2.\x000\x12T\xae6\x01\
@.g\x8d\xac\xab\x1e\x80\xfd~\xbfk\xa1NOO\
o\xa7\x98\xe9\xba\xeenj<vL=\x00$|\xd3\
JM\x85H\x1e\xb8\x05\xe0\xf7\x94\xf0\xd6\xc7\x06\xfdO\
OO?\x86\xf7\x92\xaf\xd5\xcf\x00\xcf\xcf\xcf_%\x05\
y]k\xbb\xdd\xfa<\x03\xfc\x17\xf6\xe858\x09]\
}\xdfg\xfb\x92T?\x03\xb0AWWW\x17\xfc\x8a\
z\xd7\x81?\xeb\xf5\xfa\xe6\xdd\x11\x81\x0fU\x00\xc0:\
\x08\x82\x8e_Q/\x0e\xd0\x85\xdf\x0d\xf9\xf2\xe9\xe5\x13\
\xf9wj\x00`i$\xb6\xcby\xba\xe3=\xac\x14]\
\x1b]\x5c^^f;\xf5\x0f>\xa8\x02\x80\x9b\xe2\xd3\
\x1d\x83\xc0\xc5&Pm[)\xd6<\x14]\x1b\x15\xb9\
.R\x07\x00C0\x14\x9b@u\xd7J\x0d\xbaK\xbe\
\xaa\x06\xa0\xa4\x11\xda\xf6*\xd5\x0f\x00(\xe5\xb4\xd2}\
\x00\x80\xd2`J\xb5\x05\x00J9\xadt\x1f\x00\xa04\
\x98Rm\x01\x80RN+\xdd';\x00-<\xcb\x0f\
\xd1x8\x1c&\x9f\xf7\xd7\xe2#;\x00t;\xb3\x99\
\xe7\xf9SZ\xe9\x0e\xe7\xa6V\xc8S\xfbJ\x00\x80\xe7\
\xf9S\x0e/\x1c+==\x19\x00\xbaM\x9b\xfd~u\
iSZ\xda/\x19\x00\xbeMK\x86\x15\xb9oM\xfb\
\xe0G\xd8\x81d\x00\xb8\x1fz\x80\x81\xe7\xf9l\x84\xc1\
\x12\x01\x80u\x13\x04x\x9e\xcfF\x18+1\x00X7\
C@W\xbb\xb8&`3\x8c\x94(\x00\xac\xb9\xe5\xe7\
\xf9tA<\xfa\xb7\x0b\xc7\xe3\xf1\x9a\xfd\xd1V\xe2\x00\
\xbc\x16H\x17\x88\x8fT\xcd<\xcf\x9f\xd3\xfa\xda\x1b-\
\xef\xb3\x02\xa0E\xa4\x85>j\xf5\x08\x00j9\xafd\
_\x00\xa0$\x88Zm\x00\x80Z\xce+\xd9\x17\x00(\
\x09\xa2V\x1b\x00\xa0\x96\xf3J\xf6\x05\x00J\x82\xa8\xd5\
\x06\x00\xa8\xe5\xbc\x92}\x01@\xe5 jo\xff\x0f\x00\
\x00\xff\xff\x8d\xcc\x0c\x22\x00\x00\x00\x06IDAT\x03\
\x00\xaa\x97a[\xec\xb7\xee\xe0\x00\x00\x00\x00IEN\
D\xaeB`\x82\
\x00\x00\x05W\
\x89\
PNG\x0d\x0a\x1a\x0a\x00\x00\x00\x0dIHDR\x00\
\x00\x00\x80\x00\x00\x00\x80\x08\x06\x00\x00\x00\xc3>a\xcb\
\x00\x00\x05\x0cIDATx\x01\xec\x9d\xddq\xd3@\
\x14\x85#\xec\xbc\x87w\xcb\x13u\x00\x1d\x90\x12\xe8 \
t\x00\x150t@\x07I:\x08\x15$\x1d\x90\x0e\x94\
q\xf2\x1e\xde\xe3\x8c\xb8;\x13\x83\xc7\xb1\xa5]\xad\xee\
\xee\x9e\xdd\xc3\xf8\x8e\x1c\xef\xee\xfd9\xe7Ch\x18H\
\xde\x1d\xf1W\xd1\x0a\x10\x80\xa2\xed?:\x22\x00\x04\xa0\
p\x05\x0a\x1f\x9fw\x00\x02P\xb8\x02\x85\x8f\xcf;\x00\
\x01(\x5c\x81B\xc7\xdf\x8c\xcd;\xc0F\x89B\xaf\x04\
\xa0P\xe37cG\x01\xa0m\xdbS\xf08\xd9\x08\x88\
~\x0d\x02\x80\x98}\xf2\xf0\xf0\xd0mb>\x9f\xb7\xe0\
\xf1$3\x9d\xa2\x9bo\xfaW\x07\xe0\xf1\xf1\xf1B\xcc\
~2\xc5r\x0a\x99I\x18h\xe1!P\x05@~\xc7\
\xff\xee\xba\xee<'\xe3\xb7g\xc9\x01\x025\x00V\xab\
\x951\xfe\xc3\xb6`9\xbeG\x87@\x0d\x80\xaa\xaa.\
r4|\xdfLH\x10\xec\xf6\xaf\x02@\xdb\xe2\xff\xd9\
\xb8+\xd4\xd0\xd7\xa8\x10\xa8\x00p||\xfc}H\xb0\
\x1c\xd7\x11!P\x01@\x1e\xfcz\x9f\x8ee\xfd\x1e)\
\x04\xd6?\x12V/4\x08\xa2\x00\xf0\xf2\xf2r\xb6\x5c\
.\x1b\x94\x90\xe7\x99k+\xf7_7!A\xa0\x02\xc0\
\xab\x0eE_P  \x00\x8a\x98\x22@@\x00\x14\x01\
0\xa9S\x87\x80\x00\x18\x97\x94#\x05\x08\x0e\x8dH\x00\
\x0e)3\xf1\xe7\xa9B@\x00&6\xba/]\x8a\x10\
\x10\x80>\xc7\x14\xd6R\x83\x80\x00(\x98<\x942%\
\x08\x08\xc0\x90[J\xeb\xa9@@\x00\x94\x0c\xb6I\x9b\
\x02\x04\x04\xc0\xc6)\xc5=\xb1! \x00\x8a\xe6\xda\xa6\
\xd6\x84`\xa8\x07\x020\xa4P\xa0\xf5X\x10\x10\x80@\
\x06\xdb\x94\x89\x01\x01\x01\xb0q&\xe0\x9e\xd0\x10\x10\x80\
\x80\xe6\xda\x96\x0a\x09\x01\x01\xb0u%\xf0\xbeP\x10\x10\
\x80\xc0\xc6\xba\x94\x0b\x01\x01\x01pq$\xc2^m\x08\
\x08@\x04S]K\x8e\x81\xc0\xb6\x06\x01\xb0U*\xf2\
\xbe\xd9lv\xa3\xd1\x02\x01\xd0P\x15('\x01\x002\
K\xa3U\x02`\xa1j\xd7uWUU\x9dk\x86\xb4\
\xf1U\x22\xf8\x8b\x00XH^\xd7\xf5\xedb\xb1\xb8\xd2\
\x8c\xf5z\xfd\xcb\xa2\x95\xc9\xb7\x10\x80\xc9%\xc5JH\
\x00\xb0\xfc\x9a\xbc[\x020\xb9\xa4q\x13\xbaV'\x00\
\xae\x8ae\xb6\x9f\x00df\xa8\xeb8\x04\xc0U\xb1\xcc\
\xf6\x13\x80\xcc\x0cu\x1d\x87\x00\xb8*\x96\xd9~\x02\x90\
\x99\xa1\xae\xe3\x14\x07\xc0\xc3\xd6\xb7\xac\xdd\xf7\xdeU@\
\xf4\xfd\xc5\x01\x80n\xd8\xa1\xfe\xc7~N\x00\xc6*\x97\
\xc99\x02\x90\x89\x91c\xc7 \x00c\x95\xcb\xe4\x1c\x01\
\xc8\xc4\xc8\xb1c\x10\x80\xb1\xcaer\x8e\x00db\xe4\
\xd81\x08\xc0X\xe529G\x00\xc0\x8d\xf4m\x9f\x00\
\xf8*\x08~\x9e\x00\x80\x1b\xe8\xdb>\x01\xf0U\x10\xfc\
<\x01\x007\xd0\xb7}\x02\xe0\xab \xf8y\x02\x00n\
\xa0o\xfb\x04\xc0WA\xf0\xf3P\x00\xb4m\xfb\xc97\
\x86\xfc\xf2\xcd\xffz^\xfd\x87K\x0f\xcda\xbb\x0e\x03\
\x80\x08{:\x9f\xcfo|cH\x18\xdf\xfc\xe6\xbc\xd4\
 \x00\x22\x02_\x00\x0a\xc0\xdc\x01\x00\xb4\x84l\x91\x00\
@\xda6]\xd3\x04`:-!3\x11\x00H\xdb\xa6\
k\x9a\x00L\xa7%d&4\x00nEe\xdf\x90\x14\
\xbd/\xdf\xfc\xe6\xbc\xf5\x0f\x9b\xee\xedd\xcf\xe2\xd4\x1f\
\xc1\x00\xd04\xcd}]\xd7g\xbe1$\xa0o~s\
^z%\x00CBs=\x0d\x05`\xee\x00i\xc8\x95\
_\x17\x04 ?O\x9d&\x22\x00Nr\xe5\xb7\x99\x00\
\xe4\xe7\xa9\xd3D\x04\xc0I\xae\xfc6\x13\x00\x10O\xb5\
\xda$\x00Z\xca\x82\xe4%\x00 Fi\xb5I\x00\xb4\
\x94\x05\xc9K\x00@\x8c\xd2j\x93\x00h)\x0b\x92\x97\
\x00\x80\x18\xa5\xd5&\x01\xd0R\x16$/\x01H\xdc(\
\xed\xf6\x08\x80\xb6\xc2\x89\xe7/\x0e\x80\xba\xae\xab\xbeH\
\xdc\xaf\xc9\xdb+\x0e\x80\xc9\x15\x04OH\x00\xc0\x0d\xf4\
m\x9f\x00\xf8*\x08~\x9e\x00\x80\x1b\xe8\xdb>\x01\xf0\
U\x10\xfc<\x01H\xd4\xc0Pm\x11\x80PJ'Z\
\x87\x00$jL\xa8\xb6\x08@(\xa5\x13\xadC\x00\x12\
5&T[\x04 \x94\xd2\x89\xd6Q\x01\xa0\xaa\xaa\xde\
\xff\x1c9\x9b\xcdnV\xabU\xcb\xf8\xaf\x81\xd1\xa4\x8f\
\x11\xd1\xf4\xbeo}\xec\x9a\x16\x00w}\x0d\xc90\xa7\
\x8c\xea\x8d\x06\x03\x9a\xe1\x00\xf0\xfc\xfc\xfc\xa3o\x18\xae\
\x1dV\xe0\xd0\x8a\x96\xa6*w\x80\xa6iTh=$\
N\x09\x9fki\xaa\x02\x801\xa4\xeb\xba\xcf\xe6\xca\xf0\
W@\xb4\xfc\xe2\x9fe\x7f\x065\x00\x96\xcb\xe5\xb5\x94\
4\xdf.E.|y(p'Z^z\x9c\xef=\
\xaa\x06\x80\xa9Z\xd7\xf5\x99<\xec\xfd4\xef\x19\xee\x0a\
\x88v\x97\xa2\xe1G\xf7\x93\xf6'T\x010m,\x16\
\x8bo\xeb\xf5\xba1\xef\x19\xf6\x0a\x88f\xefE;\xb5\
[\xff\xa6\x13u\x00L!\xf3\x00#$\xff\xfb\xb7x\
2\x5c\xc3X\xbf\xd1`[#\xd1\xac\xf7\xefR\x8c\xae\
SD\x10\x00v\x1b\x95\xe1\xee\x19\xcd\x1b\x0dvu\x0a\
\xf1u\x14\x00B\x0c\x86V#V\xbf\x04 \x96\xf2\x89\
\xd4%\x00\x89\x18\x11\xab\x0d\x02\x10K\xf9D\xea\x12\x80\
D\x8c\x88\xd5\x06\x01\x88\xa5|\x22u\x09@\x22F\xc4\
j\x83\x00\xc4R>\x91\xba\x04 \xb2\x11\xb1\xcb\xff\x05\
\x00\x00\xff\xffh\x19\xae\x87\x00\x00\x00\x06IDAT\
\x03\x00`\x8dTL\xc5\x14\x81U\x00\x00\x00\x00IE\
ND\xaeB`\x82\
"

qt_resource_name = b"\
\x00\x09\
\x0cxT\x88\
\x00n\
\x00e\x00w\x00P\x00r\x00e\x00f\x00i\x00x\
\x00/\
\x02\xeb\xc6\x87\
\x00k\
\x00e\x00y\x00_\x001\x002\x008\x00d\x00p\x00_\x00E\x003\x00E\x003\x00E\x003\x00_\
\x00F\x00I\x00L\x00L\x000\x00_\x00w\x00g\x00h\x00t\x004\x000\x000\x00_\x00G\x00R\
\x00A\x00D\x000\x00_\x00o\x00p\x00s\x00z\x004\x008\x00.\x00p\x00n\x00g\
\x000\
\x0eHE\xa7\
\x00e\
\x00d\x00i\x00t\x00_\x001\x002\x008\x00d\x00p\x00_\x00E\x003\x00E\x003\x00E\x003\
\x00_\x00F\x00I\x00L\x00L\x000\x00_\x00w\x00g\x00h\x00t\x004\x000\x000\x00_\x00G\
\x00R\x00A\x00D\x000\x00_\x00o\x00p\x00s\x00z\x004\x008\x00.\x00p\x00n\x00g\
\x000\
\x04i\xc5g\
\x00s\
\x00a\x00v\x00e\x00_\x001\x002\x008\x00d\x00p\x00_\x00E\x003\x00E\x003\x00E\x003\
\x00_\x00F\x00I\x00L\x00L\x000\x00_\x00w\x00g\x00h\x00t\x004\x000\x000\x00_\x00G\
\x00R\x00A\x00D\x000\x00_\x00o\x00p\x00s\x00z\x004\x008\x00.\x00p\x00n\x00g\
\x006\
\x07\x18\xae\xa7\
\x00p\
\x00a\x00s\x00s\x00w\x00o\x00r\x00d\x00_\x002\x00_\x001\x002\x008\x00d\x00p\x00_\
\x00E\x003\x00E\x003\x00E\x003\x00_\x00F\x00I\x00L\x00L\x000\x00_\x00w\x00g\x00h\
\x00t\x004\x000\x000\x00_\x00G\x00R\x00A\x00D\x000\x00_\x00o\x00p\x00s\x00z\x004\
\x008\x00.\x00p\x00n\x00g\
\x00\x08\
\x07\xffY'\
\x00m\
\x00a\x00i\x00l\x00.\x00p\x00n\x00g\
\x003\
\x02\xa0\xd6G\
\x00s\
\x00e\x00t\x00t\x00i\x00n\x00g\x00s\x00_\x002\x004\x00d\x00p\x00_\x00E\x003\x00E\
\x003\x00E\x003\x00_\x00F\x00I\x00L\x00L\x000\x00_\x00w\x00g\x00h\x00t\x004\x000\
\x000\x00_\x00G\x00R\x00A\x00D\x000\x00_\x00o\x00p\x00s\x00z\x002\x004\x00.\x00p\
\x00n\x00g\
\x002\
\x03\x86b\xe7\
\x00d\
\x00e\x00l\x00e\x00t\x00e\x00_\x001\x002\x008\x00d\x00p\x00_\x00E\x003\x00E\x003\
\x00E\x003\x00_\x00F\x00I\x00L\x00L\x000\x00_\x00w\x00g\x00h\x00t\x004\x000\x000\
\x00_\x00G\x00R\x00A\x00D\x000\x00_\x00o\x00p\x00s\x00z\x004\x008\x00.\x00p\x00n\
\x00g\
\x001\
\x06\xa6\xf8G\
\x00s\
\x00e\x00a\x00r\x00c\x00h\x00_\x002\x004\x00d\x00p\x00_\x00E\x003\x00E\x003\x00E\
\x003\x00_\x00F\x00I\x00L\x00L\x000\x00_\x00w\x00g\x00h\x00t\x004\x000\x000\x00_\
\x00G\x00R\x00A\x00D\x000\x00_\x00o\x00p\x00s\x00z\x002\x004\x00.\x00p\x00n\x00g\
\
\x001\
\x04t0\x87\
\x00l\
\x00a\x00b\x00e\x00l\x00_\x001\x002\x008\x00d\x00p\x00_\x00E\x003\x00E\x003\x00E\
\x003\x00_\x00F\x00I\x00L\x00L\x000\x00_\x00w\x00g\x00h\x00t\x004\x000\x000\x00_\
\x00G\x00R\x00A\x00D\x000\x00_\x00o\x00p\x00s\x00z\x004\x008\x00.\x00p\x00n\x00g\
\
\x000\
\x0f2\x0b'\
\x00e\
\x00r\x00r\x00o\x00r\x00_\x002\x004\x00d\x00p\x00_\x00E\x003\x00E\x003\x00E\x003\
\x00_\x00F\x00I\x00L\x00L\x000\x00_\x00w\x00g\x00h\x00t\x004\x000\x000\x00_\x00G\
\x00R\x00A\x00D\x000\x00_\x00o\x00p\x00s\x00z\x002\x004\x00.\x00p\x00n\x00g\
\x009\
\x08\x96\x09\xe7\
\x00v\
\x00i\x00s\x00i\x00b\x00i\x00l\x00i\x00t\x00y\x00_\x00o\x00f\x00f\x00_\x002\x004\
\x00d\x00p\x00_\x00E\x003\x00E\x003\x00E\x003\x00_\x00F\x00I\x00L\x00L\x000\x00_\
\x00w\x00g\x00h\x00t\x004\x000\x000\x00_\x00G\x00R\x00A\x00D\x000\x00_\x00o\x00p\
\x00s\x00z\x002\x004\x00.\x00p\x00n\x00g\
\x000\
\x0eh\xc5\xe7\
\x00i\
\x00n\x00f\x00o\x00_\x001\x002\x008\x00d\x00p\x00_\x00E\x003\x00E\x003\x00E\x003\
\x00_\x00F\x00I\x00L\x00L\x000\x00_\x00w\x00g\x00h\x00t\x004\x000\x000\x00_\x00G\
\x00R\x00A\x00D\x000\x00_\x00o\x00p\x00s\x00z\x004\x008\x00.\x00p\x00n\x00g\
\x00.\
\x0f\x8c\x01\xe7\
\x00a\
\x00d\x00d\x00_\x002\x004\x00d\x00p\x00_\x00E\x003\x00E\x003\x00E\x003\x00_\x00F\
\x00I\x00L\x00L\x000\x00_\x00w\x00g\x00h\x00t\x004\x000\x000\x00_\x00G\x00R\x00A\
\x00D\x000\x00_\x00o\x00p\x00s\x00z\x002\x004\x00.\x00p\x00n\x00g\
\x005\
\x0aj\xf4G\
\x00f\
\x00i\x00l\x00e\x00_\x00o\x00p\x00e\x00n\x00_\x001\x002\x008\x00d\x00p\x00_\x00E\
\x003\x00E\x003\x00E\x003\x00_\x00F\x00I\x00L\x00L\x000\x00_\x00w\x00g\x00h\x00t\
\x004\x000\x000\x00_\x00G\x00R\x00A\x00D\x000\x00_\x00o\x00p\x00s\x00z\x004\x008\
\x00.\x00p\x00n\x00g\
\x002\
\x0bwB\xa7\
\x00r\
\x00e\x00m\x00o\x00v\x00e\x00_\x001\x002\x008\x00d\x00p\x00_\x00E\x003\x00E\x003\
\x00E\x003\x00_\x00F\x00I\x00L\x00L\x000\x00_\x00w\x00g\x00h\x00t\x004\x000\x000\
\x00_\x00G\x00R\x00A\x00D\x000\x00_\x00o\x00p\x00s\x00z\x004\x008\x00.\x00p\x00n\
\x00g\
\x005\
\x0e}Q'\
\x00v\
\x00i\x00s\x00i\x00b\x00i\x00l\x00i\x00t\x00y\x00_\x002\x004\x00d\x00p\x00_\x00E\
\x003\x00E\x003\x00E\x003\x00_\x00F\x00I\x00L\x00L\x000\x00_\x00w\x00g\x00h\x00t\
\x004\x000\x000\x00_\x00G\x00R\x00A\x00D\x000\x00_\x00o\x00p\x00s\x00z\x002\x004\
\x00.\x00p\x00n\x00g\
\x00;\
\x0d\xc3RG\
\x00d\
\x00o\x00c\x00u\x00m\x00e\x00n\x00t\x00_\x00s\x00e\x00a\x00r\x00c\x00h\x00_\x001\
\x002\x008\x00d\x00p\x00_\x00E\x003\x00E\x003\x00E\x003\x00_\x00F\x00I\x00L\x00L\
\x000\x00_\x00w\x00g\x00h\x00t\x004\x000\x000\x00_\x00G\x00R\x00A\x00D\x000\x00_\
\x00o\x00p\x00s\x00z\x004\x008\x00.\x00p\x00n\x00g\
\x000\
\x0b\xb1\xc5\xc7\
\x00m\
\x00e\x00n\x00u\x00_\x001\x002\x008\x00d\x00p\x00_\x00E\x003\x00E\x003\x00E\x003\
\x00_\x00F\x00I\x00L\x00L\x000\x00_\x00w\x00g\x00h\x00t\x004\x000\x000\x00_\x00G\
\x00R\x00A\x00D\x000\x00_\x00o\x00p\x00s\x00z\x004\x008\x00.\x00p\x00n\x00g\
\x005\
\x0f\x9a\xf4'\
\x00f\
\x00i\x00l\x00e\x00_\x00j\x00s\x00o\x00n\x00_\x001\x002\x008\x00d\x00p\x00_\x00E\
\x003\x00E\x003\x00E\x003\x00_\x00F\x00I\x00L\x00L\x000\x00_\x00w\x00g\x00h\x00t\
\x004\x000\x000\x00_\x00G\x00R\x00A\x00D\x000\x00_\x00o\x00p\x00s\x00z\x004\x008\
\x00.\x00p\x00n\x00g\
\x003\
\x0b9\x8d\x87\
\x00k\
\x00e\x00y\x00_\x00o\x00f\x00f\x00_\x001\x002\x008\x00d\x00p\x00_\x00E\x003\x00E\
\x003\x00E\x003\x00_\x00F\x00I\x00L\x00L\x000\x00_\x00w\x00g\x00h\x00t\x004\x000\
\x000\x00_\x00G\x00R\x00A\x00D\x000\x00_\x00o\x00p\x00s\x00z\x004\x008\x00.\x00p\
\x00n\x00g\
\x008\
\x03\xda/\xa7\
\x00c\
\x00o\x00n\x00t\x00e\x00n\x00t\x00_\x00c\x00o\x00p\x00y\x00_\x001\x002\x008\x00d\
\x00p\x00_\x00E\x003\x00E\x003\x00E\x003\x00_\x00F\x00I\x00L\x00L\x000\x00_\x00w\
\x00g\x00h\x00t\x004\x000\x000\x00_\x00G\x00R\x00A\x00D\x000\x00_\x00o\x00p\x00s\
\x00z\x004\x008\x00.\x00p\x00n\x00g\
\x004\
\x01W\xe9\xa7\
\x00n\
\x00o\x00t\x00e\x00_\x00a\x00d\x00d\x00_\x001\x002\x008\x00d\x00p\x00_\x00E\x003\
\x00E\x003\x00E\x003\x00_\x00F\x00I\x00L\x00L\x000\x00_\x00w\x00g\x00h\x00t\x004\
\x000\x000\x00_\x00G\x00R\x00A\x00D\x000\x00_\x00o\x00p\x00s\x00z\x004\x008\x00.\
\x00p\x00n\x00g\
"

qt_resource_struct = b"\
\x00\x00\x00\x00\x00\x02\x00\x00\x00\x01\x00\x00\x00\x01\
\x00\x00\x00\x00\x00\x00\x00\x00\
\x00\x00\x00\x00\x00\x02\x00\x00\x00\x16\x00\x00\x00\x02\
\x00\x00\x00\x00\x00\x00\x00\x00\
\x00\x00\x08\x9a\x00\x00\x00\x00\x00\x01\x00\x00\xa3z\
\x00\x00\x01\xa0D\x89\xddl\
\x00\x00\x01\xd0\x00\x00\x00\x00\x00\x01\x00\x00*U\
\x00\x00\x01\xa0D\x89\xddo\
\x00\x00\x00\x18\x00\x00\x00\x00\x00\x01\x00\x00\x00\x00\
\x00\x00\x01\xa0D\x89\xddj\
\x00\x00\x02<\x00\x00\x00\x00\x00\x01\x00\x009\xed\
\x00\x00\x01\xa0D\x89\xdc\xef\
\x00\x00\x08$\x00\x00\x00\x00\x00\x01\x00\x00\x9e`\
\x00\x00\x01\xa0D\x89\xdc\xef\
\x00\x00\x00\xe2\x00\x00\x00\x00\x00\x01\x00\x00\x11\xc2\
\x00\x00\x01\xa0D\x89\xddn\
\x00\x00\x03\x0e\x00\x00\x00\x00\x00\x01\x00\x00H\x07\
\x00\x00\x01\xa0D\x89\xddk\
\x00\x00\x02\xa6\x00\x00\x00\x00\x00\x01\x00\x00>L\
\x00\x00\x01\xa0D\x89\xddn\
\x00\x00\x01H\x00\x00\x00\x00\x00\x01\x00\x00\x17\xc0\
\x00\x00\x01\xa0D\x89\xddm\
\x00\x00\x01\xba\x00\x00\x00\x00\x00\x01\x00\x00\x1f\xeb\
\x00\x00\x01\xa0D\xde\xf6\xd0\
\x00\x00\x03\xdc\x00\x00\x00\x00\x00\x01\x00\x00Q\x17\
\x00\x00\x01\xa0D\x89\xddp\
\x00\x00\x05\x1c\x00\x00\x00\x00\x00\x01\x00\x00r!\
\x00\x00\x01\xa0D\x89\xdc\xf2\
\x00\x00\x07\xb8\x00\x00\x00\x00\x00\x01\x00\x00\x92\x06\
\x00\x00\x01\xa0D\x89\xddk\
\x00\x00\x05\x8c\x00\x00\x00\x00\x00\x01\x00\x00w\x88\
\x00\x00\x01\xa0D\x89\xddm\
\x00\x00\x06\xe2\x00\x00\x00\x00\x00\x01\x00\x00\x86\xe6\
\x00\x00\x01\xa0D\x89\xddk\
\x00\x00\x06f\x00\x00\x00\x00\x00\x01\x00\x00}\xa5\
\x00\x00\x01\xa0D\x89\xdc\xef\
\x00\x00\x00|\x00\x00\x00\x00\x00\x01\x00\x00\x0b\xce\
\x00\x00\x01\xa0D\x89\xdc\xf0\
\x00\x00\x04T\x00\x00\x00\x00\x00\x01\x00\x00`\xc1\
\x00\x00\x01\xa0D\x89\xddi\
\x00\x00\x05\xf6\x00\x00\x00\x00\x00\x01\x00\x00{\x1a\
\x00\x00\x01\xa0D\x89\xddp\
\x00\x00\x03v\x00\x00\x00\x00\x00\x01\x00\x00N\xd9\
\x00\x00\x01\xa0D\x89\xdc\xf0\
\x00\x00\x04\xba\x00\x00\x00\x00\x00\x01\x00\x00nc\
\x00\x00\x01\xa0D\x89\xdc\xec\
\x00\x00\x07H\x00\x00\x00\x00\x00\x01\x00\x00\x8a\x8f\
\x00\x00\x01\xa0D\x89\xdc\xf1\
"

def qInitResources():
    QtCore.qRegisterResourceData(0x03, qt_resource_struct, qt_resource_name, qt_resource_data)

def qCleanupResources():
    QtCore.qUnregisterResourceData(0x03, qt_resource_struct, qt_resource_name, qt_resource_data)

qInitResources()
